3,heap_execute_freeze_tuple,3,0,0,8.3229,execute,5
2,_mi_report_crashed,14,0,0,6,crashed,1
2,getopt,1,0,0,5.3617,getopt,4
3,printtup_prepare_info,3,0,0,4.5883,prepare,5
3,heap_tuple_fetch_attr,3,0,0,4.0443,fetch,5
1,svn_wc__has_local_mods,1,1,4,3.3333,mods,1
5,dissect_ping_pdu,1,0,0,3,ping,3
3,get_pkglib_path,4,0,0,2.9091,lib,4
5,pipe_data_available,1,0,0,2.8947,available,5
1,apr_gethostname,3,2,8,2.6667,gethostname,2
0,log_tracing_state,1,0,0,2.6154,tracing,2
0,apr_tokenize_to_argv,5,0,0,2.5781,tokenize,5
3,get_mxact_status_for_lock,6,0,0,2.5,mx,2
5,dissect_pvfs2_chdirent_request,1,0,0,2.4,chdir,3
1,svn_dirent_is_absolute,216,12,46,2.381,absolute,5
3,getcwd,5,1,4,2.25,getcwd,3
0,create_default_section,2,0,0,2.24,section,4
5,dissect_DRIVER_INFO_1,2,0,0,2.2222,driver,2
4,_gimp_unit_get_number_of_units,5,0,0,2.1818,units,2
1,mkdir_urls,1,0,0,2.1569,mkdir,5
5,dissect_artnet_poll,1,0,0,2.1481,poll,4
3,SHMQueueElemInit,6,0,0,2.1429,shm,3
5,strtol,128,49,163,2.1239,strtol,5
3,compatible_oper_opid,2,0,0,2.08,compatible,4
0,chown,3,2,8,2,chown,2
0,setgid,2,2,7,2,setgid,2
0,setuid,2,0,0,2,setuid,2
1,svn_repos_trace_node_locations,5,2,8,2,locations,4
1,was_readable,2,0,0,2,readable,2
1,get_copy_pair_ancestors,4,2,4,2,ancestors,1
2,my_ucs2_uni,7,0,0,2,ucs2,1
3,scanGetCandidate,2,0,0,2,candidate,2
3,HeapTupleIsSurelyDead,1,0,0,2,dead,2
3,zapallsubs,3,0,0,2,zap,1
5,SCNetworkInterfaceCopyAll,1,0,0,2,sc,2
5,dissect_mic_e,4,0,0,2,mic,1
5,dissect_capwap_data_message_bindings_ieee80211,1,0,0,2,bindings,2
5,netlogon_dissect_VALIDATION_SAM_INFO,2,0,0,2,validation,1
5,dissect_lbmr_qir_grp_blk,1,0,0,2,grp,1
4,gimp_window_set_transient_for,6,0,0,1.9091,transient,4
3,get_available_versions_for_extension,1,0,0,1.8571,versions,2
5,cops_sharedresourceid,1,0,0,1.8571,resource,5
2,get_canonical_filename,6,0,0,1.8113,canonical,3
5,efs_dissect_element_EfsRpcOpenFileRaw_pvContext,1,0,0,1.7778,pv,2
3,_bt_compare_scankey_args,4,0,0,1.7381,args,5
2,SafeRightShift,3,0,0,1.7241,safe,5
3,simple_heap_delete,72,0,0,1.7208,simple,4
3,interpretInhOption,8,0,0,1.7143,interpret,2
4,gtk_icon_set_get_sizes,1,0,0,1.7143,sizes,4
0,ap_regcomp,3,0,0,1.6364,regcomp,2
0,ap_regexec_len,2,0,0,1.6,regexec,2
2,row_purge_poss_sec,3,0,0,1.5652,purge,4
5,dissect_dcerpc_uint8,131,0,0,1.56,uint8,1
2,buf_LRU_buf_pool_running_out,6,1,4,1.5385,running,5
5,dissect_rohc_supported,1,0,0,1.5217,supported,5
0,apr_file_mktemp,6,5,18,1.5,mktemp,1
1,svn_fs_fs__create_successor,2,0,0,1.5,successor,1
2,heap_indexes_are_disabled,1,0,0,1.5,disabled,1
2,btr_estimate_number_of_different_key_vals,1,0,0,1.5,different,2
2,srv_mon_calc_max_since_start,2,0,0,1.5,since,3
3,errcode_for_file_access,277,0,0,1.5,errcode,1
4,lseek,17,1,3,1.5,lseek,3
5,mkstemp,1,0,0,1.5,mkstemp,2
3,IsAutoVacuumWorkerProcess,21,4,16,1.4524,worker,2
2,getSocket,7,0,0,1.4474,socket,5
2,check_global_access,57,6,18,1.4336,global,5
0,apr_time_exp_lt,24,0,0,1.4286,lt,4
3,pg_getaddrinfo_all,9,10,40,1.4286,getaddrinfo,2
5,sscanf,93,15,51,1.3953,sscanf,5
2,fseg_n_reserved_pages,4,0,0,1.3944,reserved,3
2,hp_rectest,2,0,0,1.367,test,5
0,set_allow_opts,1,0,0,1.3333,allow,5
2,heap_rsame,2,0,0,1.3333,same,5
2,dict_table_try_drop_aborted,2,0,0,1.3333,aborted,2
2,reopen_closed_file,1,5,15,1.3333,reopen,2
3,typeIsOfTypedTable,2,0,0,1.3333,typed,2
3,bcTruelen,22,0,0,1.3333,bc,2
5,dissect_ExpectedSubmoduleBlockReq_block,1,0,0,1.3333,expected,2
5,cba_frame_incoming_data,1,0,0,1.3333,incoming,2
2,page_parse_copy_rec_list_to_created_page,1,0,0,1.3125,created,4
4,gimp_item_is_valid,11,3,9,1.2973,valid,5
5,geteuid,2,0,0,1.2903,geteuid,4
2,free_underlaid_joins,9,0,0,1.2727,under,2
3,compileTheLexeme,1,0,0,1.2727,compile,3
5,getpwuid,2,0,0,1.2632,getpwuid,3
5,samr_dissect_element_UserInfo3_home_directory,1,0,0,1.25,home,5
5,dissect_RecordDataReadQuery_block,1,0,0,1.2464,query,5
0,apr_file_open_stdin,4,1,3,1.2,stdin,2
1,svn_client__checkout_internal,3,0,0,1.2,checkout,2
5,memchr,8,1,4,1.2,memchr,4
5,tvb_uncompress,2,0,0,1.2,uncompress,2
5,g_strcanon,4,0,0,1.2,canon,2
5,dissect_artnet_media_patch,1,0,0,1.1897,patch,1
2,fork,2,1,2,1.1892,fork,4
1,svn_io_file_rename,36,2,8,1.1881,rename,5
2,sigaction,25,0,0,1.1852,sigaction,4
5,proto_register_mac_mgmt_msg,1,0,0,1.1846,msg,5
5,samr_dissect_element_DomGeneralInformation_num_groups,1,0,0,1.1842,groups,5
2,allocate,9,0,0,1.1831,allocate,2
5,is_memcache_request_or_reply,1,0,0,1.1818,memcache,2
2,mysql_rm_arc_files,2,0,0,1.1739,rm,3
4,gegl_node_get_input_proxy,4,0,0,1.1719,proxy,4
5,follow_tcp_addr,1,0,0,1.1685,addr,5
4,fread,325,97,366,1.1681,fread,3
2,el_wgets,1,0,0,1.1667,gets,3
5,dissect_network_switch,1,0,0,1.1667,network,3
5,samr_dissect_element_DomGeneralInformation2_lockout_duration,1,0,0,1.1667,duration,3
5,samr_dissect_element_DomGeneralInformation_force_logoff_time,1,0,0,1.1628,force,5
2,hp_find_named_heap,4,0,0,1.1613,named,4
5,inflateInit2_,5,0,0,1.1538,it2,3
0,piped_log_spawn,2,0,0,1.1429,spawn,2
3,estimate_rel_size,3,0,0,1.1429,estimate,4
5,dissect_dcerpc_uint16,317,6,12,1.1429,uint16,2
5,dissect_bssap_location_information_age,2,0,0,1.1429,age,4
2,event_class_dispatch,2,0,0,1.1364,dispatch,5
3,queue_listen,3,0,0,1.1364,listen,5
5,CFReadStreamOpen,2,0,0,1.1334,open,5
4,ffunc_inv,2,0,0,1.1281,v,5
0,apr_filepath_merge,16,0,0,1.125,filepath,3
2,reset_offset_limit_cnt,1,0,0,1.125,cnt,3
4,__builtin_va_start,71,0,0,1.1217,start,5
5,dissect_sockaddr_in,2,0,0,1.1186,sockaddr,3
2,btr_rec_copy_externally_stored_field,6,2,8,1.1111,externally,1
2,inline_mysql_rwlock_register,7,0,0,1.1111,rwlock,2
1,apr_allocator_owner_set,2,0,0,1.1064,owner,5
3,validate_exec,3,0,0,1.0969,exec,5
4,gimp_brush_pipe_class_init,1,0,0,1.0945,pipe,5
4,feof,105,2,6,1.0909,feof,3
1,create_comparison_candidates,4,0,0,1.0714,candidates,3
4,mmap,2,0,0,1.0714,mmap,5
5,add_decode_as,2,0,0,1.0714,decode,5
3,wait_result_to_str,3,1,4,1.0705,result,4
0,ap_pass_brigade,134,8,30,1.0606,pass,5
3,HeapTupleHeaderAdvanceLatestRemovedXid,4,2,4,1.05,latest,3
5,dissect_basic_switch,1,0,0,1.0484,basic,5
2,MultiplyRecursionLimit,2,0,0,1.0317,limit,5
2,read_buf,1,0,0,1.0231,read,5
5,raw_pipe_read,1,6,24,1.0222,raw,4
5,dissect_gas_initial_request,1,0,0,1.0156,initial,5
5,profile_exists,4,2,8,1.0148,exists,5
0,getgrnam,2,1,3,1,getgrnam,1
0,ap_fputstrs,5,1,4,1,trs,1
0,check_pipeline,1,0,0,1,pipeline,1
0,SSLv3_client_method,2,0,0,1,sslv3,1
0,ssl_dh_GetParamFromFile,1,0,0,1,getparam,1
0,chroot,2,2,8,1,chroot,1
1,assemble_history,6,0,0,1,assemble,1
1,svn_uri_condense_targets,4,0,0,1,targets,3
1,already_in_a_tree_conflict,1,0,0,1,already,2
1,dav_get_locktoken_list,1,0,0,1,locktoken,1
2,GetID,5,0,0,1,getid,1
2,ftruncate,5,1,4,1,ftruncate,2
2,append_ident,14,0,0,1,ident,3
2,fts_ast_term_set_wildcard,2,0,0,1,wildcard,1
2,row_vers_must_preserve_del_marked,1,0,0,1,marked,1
2,mi_collect_stats_nonulls_next,2,0,0,1,nulls,2
2,disjoint,1,0,0,1,disjoint,1
2,add_operands_to_op,2,0,0,1,operands,1
2,do_sj_dups_weedout,2,0,0,1,dups,1
2,get_best_combination,1,0,0,1,combination,2
2,is_table_renamed,10,0,0,1,renamed,1
2,initgroups,1,0,0,1,initgroups,1
2,get_least_occupied_worker,2,0,0,1,least,2
3,doabbr,6,0,0,1,abbr,1
3,tbm_add_tuples,9,0,0,1,tuples,2
3,examine_attribute,3,0,0,1,examine,1
3,does_not_exist_skipping,1,0,0,1,does,1
3,getsockopt,4,0,0,1,getsockopt,1
3,reparameterize_path,1,0,0,1,parameterize,1
3,hlCover,3,0,0,1,cover,1
3,calc_rank_or,2,1,3,1,rank,2
4,find_empty_segs,3,0,0,1,segs,1
4,tan,11,0,0,1,tan,2
4,extract_from_inten_pixels,1,0,0,1,ten,1
4,gimp_datafiles_read_directories,13,0,0,1,directories,3
4,acos,12,0,0,1,acos,2
4,gimp_image_get_imported_uri,13,1,3,1,imported,1
4,getpgid,2,0,0,1,pgid,1
4,gimp_data_is_deletable,12,2,6,1,deletable,1
4,cbrt,4,0,0,1,cbrt,1
5,magnitude,9,5,15,1,magnitude,1
5,oct_to_str_back,1,0,0,1,oct,1
5,dissect_amqp_0_9_method_channel_pong,1,0,0,1,pong,1
5,dissect_amqp_0_9_method_file_consume,1,0,0,1,consume,3
5,dissect_aodv_draft_01_v6_rreq,1,0,0,1,v6,2
5,looks_like_dtls,3,1,2,1,looks,2
5,dissect_erldp_handshake,1,0,0,1,er,2
5,dissect_InterpretVolMgtStuff,1,0,0,1,stuff,1
5,dissect_isns_attr_not_decoded_yet,16,0,0,1,yet,1
5,dissect_isup_connected_number_parameter,2,0,0,1,connected,2
5,calculate_extended_seqno,1,0,0,1,seqno,1
5,dissect_osd_requested_user_object_id,2,0,0,1,requested,2
5,wkssvc_dissect_element_NetrWorkstationStatistics_unknown30,1,0,0,1,30,1
5,dissect_camel_EventReportSMSArg,1,0,0,1,reports,1
5,dissect_ess_EquivalentLabels,1,0,0,1,equivalent,1
5,dissect_p22_AutoSubmitted,1,0,0,1,submitted,1
5,wtap_file_read_till_separator,1,0,0,1,till,1
5,mkdtemp,1,0,0,1,mkdtemp,1
5,cmdarg_err,225,0,0,0.9822,err,5
5,strcmp,3063,333,738,0.9806,strcmp,5
0,ap_expr_yylex,1,0,0,0.9759,yylex,3
1,svn_auth_get_keychain_ssl_client_cert_pw_provider,1,0,0,0.9756,client,5
3,getRightMostTuple,2,0,0,0.9677,most,3
5,have_filtering_tap_listeners,3,0,0,0.9677,have,5
5,capture_opts_add_iface_opt,3,1,4,0.9674,opt,4
5,dissect_registration_results_parameter,2,0,0,0.9655,results,4
5,host_name_lookup_process,3,0,0,0.9618,lookup,5
0,atol,16,2,7,0.96,atol,4
3,slot_deform_tuple,3,0,0,0.956,slot,4
4,calloc,10,0,0,0.9552,calloc,4
5,dissect_a11_extensions,1,0,0,0.9524,extensions,5
5,except_setup_try,99,0,0,0.9497,try,5
1,substitute_and_verify,58,0,0,0.9412,substitute,4
4,fseek,140,40,156,0.9375,fseek,3
2,buf_page_get_io_fix,14,7,25,0.9339,io,5
2,fsync,2,0,0,0.931,fsync,3
0,ap_rvputs,98,0,0,0.9231,rv,2
2,usage_program,4,0,0,0.9231,program,4
3,_bt_findinsertloc,1,0,0,0.9231,loc,2
2,Verify,2,0,0,0.9221,verify,5
0,ap_varbuf_cfg_getline,4,3,12,0.9091,cfg,2
3,AcceptInvalidationMessages,13,0,0,0.9091,accept,5
5,adwin_request_response_handling,7,0,0,0.9091,handling,2
4,gtk_window_set_auto_startup_notification,1,0,0,0.9032,startup,4
3,DirectFunctionCall2Coll,165,0,0,0.9,direct,5
3,is_member_of_role_nosuper,2,1,4,0.9,super,3
3,_copyMaterial,1,0,0,0.9,material,3
5,mbim_dissect_subscriber_ready_status,1,0,0,0.9,ready,3
5,dissect_cmip_ObjectClass,2,0,0,0.9,objectclass,1
5,dissect_affected_destinations_parameter,6,0,0,0.8929,affected,2
0,ap_expr_eval_var,1,0,0,0.8919,eval,5
2,rmdir,4,1,4,0.8889,rmdir,2
3,GetNumShmemAttachedBgworkers,3,0,0,0.877,attached,2
2,dict_stats_is_persistent_enabled,7,0,0,0.875,persistent,2
5,register_all_wiretap_modules,3,0,0,0.875,modules,3
5,rijndael_encrypt,8,0,0,0.875,encrypt,4
2,Reserve,4,0,0,0.8696,reserve,4
5,dissect_quake2_client_commands_move,1,0,0,0.8696,commands,5
4,gimp_progress_install_vtable,3,0,0,0.8667,progress,4
4,gimp_number_pair_entry_new,1,0,0,0.8594,pair,5
0,proc_mutex_mech,1,0,0,0.8571,mech,2
1,svn_io_copy_perms,11,0,0,0.8571,perms,2
4,gimp_int16_array_get_type,9,0,0,0.8571,t16,3
5,detect_add_path_prefix4,2,0,0,0.8571,detect,2
5,proto_register_docsis_bintrngreq,1,0,0,0.8547,req,4
3,getnum,16,0,0,0.8524,num,5
5,DL_PUSC_Burst_Allocation_in_Other_Segment_IE,1,0,0,0.8511,other,4
5,relinquish_special_privs_perm,6,0,0,0.8471,special,4
4,setsockopt,2,1,4,0.8421,setsockopt,2
5,dissect_rev_qosinfo,1,0,0,0.8394,rev,4
3,strcspn,15,0,0,0.8333,strcspn,5
4,gtk_tree_sortable_set_sort_column_id,6,0,0,0.8333,sortable,2
5,capture_input_closed,2,0,0,0.8333,closed,2
5,frsrpc_dissect_element_FrsVerifyPromotionParent_parent_password,1,0,0,0.8302,password,4
3,DropSetting,2,0,0,0.8182,setting,3
4,gtk_text_buffer_get_selection_bound,3,0,0,0.8163,bound,4
3,OidInputFunctionCall,8,0,0,0.8117,input,5
5,g_strsplit,39,6,19,0.8088,split,5
0,ap_remove_loaded_module,1,0,0,0.8,loaded,2
2,add_join_natural,6,0,0,0.8,natural,2
3,ginPrepareDataScan,2,0,0,0.8,prepared,2
3,make_native_path,2,0,0,0.8,native,3
3,StoreConstraints,1,0,0,0.8,constraints,4
4,sysconf,3,0,0,0.8,sysconf,4
4,command_add_subcommand,22,0,0,0.8,subcommand,1
5,dissect_ehdr,2,0,0,0.8,hdr,4
5,call_dissector_through_handle,2,0,0,0.8,through,2
5,dissect_a21_cause,1,0,0,0.8,cause,1
5,feed_eo_smb,4,0,0,0.8,feed,2
5,srvsvc_dissect_element_NetSrvInfo502_irpstacksize,1,0,0,0.8,stacksize,2
4,g_signal_connect_object,289,0,0,0.7979,connect,5
2,connection_commit,1,0,0,0.7973,commit,5
2,real_maybe_null,37,0,0,0.7971,maybe,5
5,strspn,7,0,0,0.7895,strspn,3
5,init_process_policies,8,0,0,0.7869,process,5
5,getKindFromId,1,0,0,0.7841,kind,3
5,tvb_ensure_bytes_exist,775,0,0,0.7826,exist,3
3,GetCurrentCommandId,17,0,0,0.7779,command,5
5,lsarpc_dissect_struct_lsa_StringLarge,21,0,0,0.7778,large,4
2,set_n_backup,2,0,0,0.7742,backup,4
3,contain_mutable_functions,7,0,0,0.7742,mutable,2
5,rpc_proc_name,2,0,0,0.7725,proc,5
3,output_escaped_str,5,0,0,0.7692,escaped,4
5,dissect_AlarmUserStructure,2,0,0,0.7692,structure,5
5,inflateEnd,11,0,0,0.7647,inflate,5
3,transformTopLevelStmt,5,0,0,0.7626,stmt,1
5,proto_tree_add_bits_ret_val,117,5,12,0.7586,ret,1
5,hd_deflate_should_indexing,1,0,0,0.7586,deflate,4
5,parseRegisteredServer,1,0,0,0.7551,server,5
4,g_type_check_instance_is_a,4423,0,0,0.7529,check,5
0,apr_file_dup2,4,0,0,0.75,dup2,3
2,init_archive_reader,5,0,0,0.75,reader,3
2,init_glob_errs,2,0,0,0.75,glob,2
2,mysql_reconnect,5,2,8,0.75,reconnect,3
2,show_slave_hosts,1,0,0,0.75,hosts,2
2,pack_screens,2,0,0,0.75,screens,1
3,plan_set_operations,1,0,0,0.75,operations,2
4,atan2,75,0,0,0.75,atan2,3
4,gimp_matrix3_translate,33,0,0,0.75,translate,4
4,gimp_container_reorder,14,0,0,0.75,reorder,3
4,gimp_dockbook_recreate_tab_widgets,2,0,0,0.75,recreate,2
5,yy_load_buffer_state,6,0,0,0.7433,state,5
4,g_dir_close,12,0,0,0.7421,dir,5
5,linktype_name_to_val,3,1,4,0.7398,link,5
1,svn_wc__node_get_pre_ng_status_data,2,0,0,0.7391,ng,1
3,make_ands_explicit,7,0,0,0.7368,explicit,4
4,readline,7,0,0,0.7326,readline,3
3,AtEOXact_Files,6,0,0,0.7317,files,5
2,getCrypto,43,0,0,0.7297,crypto,3
2,makeMasterSecret,3,0,0,0.7297,master,3
3,RecordKnownAssignedTransactionIds,4,0,0,0.7297,known,3
4,gimp_container_get_child_by_name,26,1,3,0.7292,by,5
2,ht,12,0,0,0.7273,ht,3
3,InitRecoveryTransactionEnvironment,1,0,0,0.7273,environment,4
5,dnp3_al_obj_quality,10,0,0,0.7273,quality,2
5,dissect_sid_cl_enc_map,1,0,0,0.727,cl,5
5,dissect_mp4_ftyp_body,1,0,0,0.7246,body,5
5,findDidVendorIdSource,1,0,0,0.7241,did,1
5,get_compiled_pcap_version,1,0,0,0.7237,version,5
5,extended_tlv_decoder,1,0,0,0.7213,extended,4
5,wtap_file_get_idb_info,4,0,0,0.721,file,5
5,Indent,64,0,0,0.72,indent,3
5,proto_registrar_dump_fields,4,0,0,0.7175,fields,4
5,get_bfd_required_auth_len,1,0,0,0.7173,auth,4
5,pcap_statustostr,3,0,0,0.7163,status,5
3,recv,6,0,0,0.7143,recv,5
5,dissect_distcc_argv,1,0,0,0.7143,argv,5
5,proto_register_git,1,0,0,0.7143,git,1
4,g_hash_table_new_full,31,0,0,0.712,full,5
5,get_interface_list_findalldevs,1,0,0,0.7032,find,5
2,syncsearch,2,0,0,0.7018,search,5
4,gimp_get_default_language,1,0,0,0.7,language,4
2,my_seek,21,5,18,0.6989,my,5
2,lock_wait_suspend_thread,5,0,0,0.6957,thread,4
4,gimp_help_disable_tooltips,3,0,0,0.6929,help,4
5,CFArrayGetCount,1,0,0,0.6889,count,5
5,dissect_UDPH1_old,1,0,0,0.6845,old,5
0,strchr,218,11,38,0.6822,strchr,5
1,svn_depth_to_word,10,0,0,0.6818,depth,5
5,zdp_convert_2003cluster,1,0,0,0.6818,cluster,3
4,g_file_error_from_errno,97,0,0,0.6802,errno,3
2,AtomicDivide,1,0,0,0.6776,atomic,4
5,proto_get_protocol_long_name,4,0,0,0.6767,long,5
2,buf_page_make_young_if_needed,1,0,0,0.675,needed,3
3,fgets,26,3,11,0.675,fgets,3
2,rec_get_converted_size_comp_prefix,1,0,0,0.6681,prefix,5
5,memcmp,192,7,20,0.6679,memcmp,5
0,ap_set_etag,3,0,0,0.6667,etag,1
1,tcsetattr,2,0,0,0.6667,tcsetattr,2
1,tcgetattr,1,0,0,0.6667,tcgetattr,2
1,svn_diff_file_output_unified3,5,0,0,0.6667,unified,2
2,mbstowcs,2,0,0,0.6667,mbs,2
2,dump_all_views_in_db,2,0,0,0.6667,views,2
2,gmt_sec_to_TIME,31,0,0,0.6667,gmt,4
2,remove_ticket,1,0,0,0.6667,ticket,2
3,toast_flatten_tuple_to_datum,2,0,0,0.6667,flatten,3
3,ExecARInsertTriggers,4,0,0,0.6667,exe,2
3,process_shared_preload_libraries,1,0,0,0.6667,preload,1
4,fscanf,22,3,12,0.6667,fscanf,3
4,unescape_character,2,0,0,0.6667,character,4
4,gimp_template_editor_show_advanced,1,0,0,0.6667,advanced,1
5,tvb_get_letohs,1492,46,124,0.6667,let,2
5,resp_blm_data,1,0,0,0.6667,resp,2
5,col_set_utc_time,2,0,0,0.6667,utc,2
5,crypt_rc4_init,12,0,0,0.6667,crypt,3
5,dissect_amqp_0_9_method_connection_secure,1,0,0,0.6667,method,5
5,enip_close_cip_connection,2,0,0,0.6667,en,2
5,dissect_igmp_v2,2,0,0,0.6667,v2,1
5,drx_check_config_sane,1,0,0,0.6667,sane,1
4,gimp_rectangle_tool_set_constraint,4,0,0,0.6641,constraint,3
2,unlink,18,4,16,0.6579,unlink,4
5,CFURLCreateFromFileSystemRepresentation,2,0,0,0.6558,url,4
2,BytePrecision,3,0,0,0.6545,precision,2
5,g_slist_insert_sorted,12,0,0,0.6522,sorted,5
2,pthread_mutex_init,7,1,4,0.6517,mutex,4
5,utilCrcCalculate,2,0,0,0.6512,util,4
5,cops_ugs_with_activity_detection_i04_i05,2,0,0,0.6512,activity,4
2,run_sql_fix_privilege_tables,1,0,0,0.6486,privilege,2
5,getenv,158,3,9,0.6477,getenv,5
2,mi_close,14,2,8,0.6429,mi,2
2,tzset,1,0,0,0.6429,tzset,1
4,gimp_edit_clear,4,0,0,0.6429,edit,2
5,lua_newuserdata,34,0,0,0.6346,userdata,3
2,get_cipherLength,5,0,0,0.6286,cipher,2
4,update_vector_prev,13,0,0,0.6283,prev,4
2,GetSessionCacheOff,6,0,0,0.625,off,5
4,gimp_gradient_segment_range_compress,8,0,0,0.625,compress,5
5,dissect_x509af_Certificate,14,0,0,0.625,certificate,2
4,Minvert,2,0,0,0.6188,m,4
5,dissect_q931_pl_binary_parameters_ie,1,0,0,0.6154,pl,2
3,makeDefElem,139,0,0,0.6134,elem,4
5,fvalue_get_uinteger,23,0,0,0.6115,integer,4
4,gimp_dialog_run,125,0,0,0.6102,run,5
4,gimp_module_db_refresh,1,0,0,0.6102,refresh,4
2,gzwrite,4,0,0,0.6087,gz,4
5,tvbparse_not_chars,4,0,0,0.6061,chars,5
5,dissect_nbap_HS_DSCHRequiredPower,1,0,0,0.6061,required,4
5,parse_field_string_format,1,1,4,0.603,parse,5
2,HasData,1,0,0,0.6023,has,5
5,pcapng_write_enhanced_packet_block,3,0,0,0.601,block,5
2,ch__clearmacro,1,0,0,0.6,macro,4
2,GET_DX_DY,3,0,0,0.6,dy,1
3,trim_trailing_separator,4,0,0,0.6,trim,4
3,TransactionIdFollows,11,1,4,0.6,follows,1
3,BootStrapCLOG,1,0,0,0.6,bootstrap,1
3,join_is_legal,2,0,0,0.6,legal,3
3,reduce_outer_joins,1,0,0,0.6,reduce,5
5,dissect_pvfs_ds_keyval,2,0,0,0.6,keyval,2
5,frstrans_dissect_element_Update_rdc_similarity_,1,0,0,0.6,similarity,1
3,join_path_components,9,0,0,0.599,path,5
3,out_target,21,0,0,0.5976,target,3
5,mate_load_config,1,1,4,0.5935,load,5
4,gdk_pixbuf_get_rowstride,10,0,0,0.5894,row,5
1,check_db_rows,237,0,0,0.5882,rows,4
0,apr_os_global_mutex_get,1,0,0,0.5878,os,5
4,g_strstr_len,3,0,0,0.587,strstr,5
3,format_node_dump,2,0,0,0.5866,dump,5
2,inet_ntop,2,0,0,0.5844,et,3
2,buf_page_get_known_nowait,4,2,8,0.5839,wait,5
3,transformJoinUsingClause,1,0,0,0.5833,using,2
5,ep_udp_port_to_display,30,0,0,0.5818,port,4
5,register_stat_cmd_arg,41,0,0,0.5795,cmd,5
4,gimp_item_attach_parasite,6,1,3,0.5769,attach,5
5,prefs_register_bool_preference,592,0,0,0.5747,bool,4
2,allocated_to_dirty,8,0,0,0.5745,allocated,1
1,copy_contents,1,1,4,0.5714,contents,4
2,getuid,3,0,0,0.5714,getuid,2
2,symlink,1,1,4,0.5714,symlink,3
3,finalize_aggregate,2,0,0,0.5714,finalize,5
4,gimp_pickable_interface_get_type,83,0,0,0.5714,pick,4
5,do_auto_rp_map,1,0,0,0.5714,rp,2
5,dissect_hs20_anqp_hs_capability_list,2,0,0,0.5714,an,4
5,dissect_p1_RegisteredMailType,1,0,0,0.5714,registered,2
3,heap_getsysattr,75,0,0,0.5678,sys,5
3,LWLockAcquire,305,0,0,0.5676,acquire,3
4,gimp_plug_in_procedure_set_mime_type,4,0,0,0.5676,mime,3
3,trace_recovery,59,0,0,0.566,trace,5
4,gimp_selection_is_empty,11,3,7,0.5644,is,5
5,glusterfs_rpc_dissect_gfid,57,0,0,0.5635,fs,4
3,getrule,4,0,0,0.5625,rule,5
3,get_typlenbyvalalign,25,1,4,0.5625,align,4
3,SN_close_env,32,0,0,0.5625,env,5
5,elem_cell_id_aux,6,0,0,0.5625,aux,3
5,netlogon_dissect_NETLOGON_SECURE_CHANNEL_TYPE,4,0,0,0.5625,secure,3
5,print_stats_table_header_label,17,0,0,0.5607,header,5
3,SendSharedInvalidMessages,4,0,0,0.56,shared,4
4,gimp_base_config_get_type,12,0,0,0.5599,config,5
0,ap_reserve_module_slots,1,0,0,0.5556,slots,2
5,getExtensionObjectType,1,0,0,0.5556,extension,5
4,gimp_tile_backend_tile_manager_class_init,1,0,0,0.5526,backend,3
4,gtk_window_get_type,449,0,0,0.551,type,5
4,rotate_pointers,11,0,0,0.5469,rotate,5
1,locate_change,8,0,0,0.5455,locate,4
2,fdopen,5,0,0,0.5455,fdopen,3
2,Decrypt,1,0,0,0.5455,decrypt,3
2,buf_dblwr_page_inside,2,1,3,0.5455,wr,3
5,set_ipxnetent,2,0,0,0.5455,net,3
1,svn_temp_deserializer__resolve,35,0,0,0.5449,resolve,5
2,fn_tilde_expand,3,0,0,0.5446,fn,5
5,two_comp_to_int16,1,0,0,0.5434,comp,3
5,TvbRange_ustring_any,2,0,0,0.5414,any,5
4,gdk_x11_window_foreign_new_for_display,3,0,0,0.5405,foreign,4
4,gimp_destroy_params,665,0,0,0.5389,params,5
5,wmem_packet_scope,2278,0,0,0.5349,w,5
3,collectMatchBitmap,1,0,0,0.5348,match,5
2,Initialize,12,0,0,0.5336,initialize,5
4,gimp_tile_put,1,0,0,0.5336,put,5
5,val_to_str_ext_const,539,0,0,0.5319,ext,5
1,ap_hook_access_checker,1,0,0,0.5294,checker,3
3,TransactionIdAsyncCommitTree,2,0,0,0.5283,async,4
1,svn_atomic_namespace__create,12,0,0,0.5276,namespace,5
1,validate,4,0,0,0.5238,validate,5
4,gtk_label_set_line_wrap,22,0,0,0.5231,line,5
3,RememberFsyncRequest,5,0,0,0.5217,remember,3
5,CFStringCreateWithCString,1,0,0,0.5217,cf,3
1,unlock_proto_rev_list_locked,1,0,0,0.52,locked,4
5,print_packet,4,0,0,0.52,packet,2
5,followArgStrncmp,3,0,0,0.519,arg,5
3,PushCopiedSnapshot,5,0,0,0.5185,copied,1
3,_hash_expandtable,1,0,0,0.5172,expand,5
4,gimp_item_detach_parasite,2,0,0,0.5128,detach,5
4,gimp_procedural_db_temp_name,6,0,0,0.5109,db,5
3,parseRelOptions,5,0,0,0.5098,parser,5
3,strrchr,23,0,0,0.5096,strrchr,5
2,constant_compare,5,0,0,0.5061,compare,5
3,isspace,112,3,12,0.5056,space,5
5,wimaxasncp_dict_scan,1,2,7,0.5053,dict,3
2,tmp_restore_column_map,3,0,0,0.5046,restore,5
1,svn_cstring_strtoi64,4,1,4,0.5,strtoi64,1
1,canonical_host_from_uname,1,0,0,0.5,uname,1
1,delta_dirs,5,0,0,0.5,dirs,2
1,svn_repos_db_logs_lockfile,2,0,0,0.5,lockfile,2
1,apr_terminate,10,0,0,0.5,terminate,5
2,GetCiphers,1,0,0,0.5,ciphers,1
2,GetLowHalf,279,0,0,0.5,half,3
2,btr_cur_set_ownership_of_extern_field,2,0,0,0.5,ownership,1
2,backtrace,1,0,0,0.5,backtrace,2
2,verbose,5,0,0,0.5,verbose,2
2,get_cpp_ptr,8,0,0,0.5,cpp,1
2,free_all_unused_tables,3,0,0,0.5,unused,3
3,gistfillitupvec,3,0,0,0.5,vec,2
3,recoveryPausesHere,2,0,0,0.5,here,2
3,find_expr_references_walker,8,0,0,0.5,references,2
3,transformTableLikeClause,1,0,0,0.5,like,3
3,get_ext_ver_info,5,0,0,0.5,ver,3
3,getrusage,3,0,0,0.5,getrusage,1
3,pg_utf_mblen,8,2,4,0.5,utf,2
3,get_from_clause_coldeflist,1,0,0,0.5,ef,1
3,gzopen,4,2,8,0.5,gzopen,1
4,g_setenv,10,0,0,0.5,setenv,5
4,gdk_window_get_origin,14,0,0,0.5,origin,3
4,gimp_destroy_paramdefs,8,0,0,0.5,defs,1
4,fgetc,20,0,0,0.5,fgetc,3
4,gimp_image_get_exported_uri,10,1,3,0.5,exported,2
4,gimp_paned_box_set_dropped_cb,2,0,0,0.5,dropped,2
4,transpose_mat,6,0,0,0.5,transpose,1
5,dissect_ds_ch_list_single,1,0,0,0.5,single,5
5,proto_register_irsir,1,0,0,0.5,ir,1
5,parseInt32,23,0,0,0.5,parseint,1
5,gethostbyname,1,0,0,0.5,gethostbyname,1
5,replace_entity,1,0,0,0.5,entity,2
5,fAuthenticateRequest,1,0,0,0.5,authenticate,1
5,dissect_batadv_unicast_frag_v12,1,0,0,0.5,v12,1
5,dissect_ber_relative_oid_str,1,0,0,0.5,relative,5
5,get_dns_name,47,0,0,0.5,dns,2
5,dcm_uid_or_desc,5,0,0,0.5,uid,2
5,x509ce_enable_ciplus,1,0,0,0.5,plus,5
5,dissect_isup_circuit_group_blocking_messages,8,0,0,0.5,blocking,3
5,proto_mpeg_descriptor_dissect_system_clock,1,0,0,0.5,clock,3
5,format_text_chr,9,0,0,0.5,chr,2
5,frstrans_dissect_element_EpoqueVector_second,1,0,0,0.5,second,2
5,dissect_per_octet_string_containing_pdu_new,26,0,0,0.5,containing,1
5,dissect_nbap_DGNSS_ValidityPeriod,1,0,0,0.5,validity,2
5,dissect_s1ap_E_RABToBeSwitchedDLList,1,0,0,0.5,switched,2
4,gimp_context_set_default_colors,4,0,0,0.4976,default,5
3,makeXmlExpr,14,0,0,0.495,xml,5
4,g_locale_to_utf8,3,0,0,0.4948,locale,3
5,dissect_rdm_pd_disc_unique_branch,1,0,0,0.4936,unique,5
5,dissect_ProfiDriveParameterResponse,1,0,0,0.493,parameter,5
5,capture_session_init,1,0,0,0.492,session,5
1,txn_names_are_not_reused_helper1,2,0,0,0.4898,are,3
2,dispcset,2,0,0,0.4863,pc,2
1,encode_int,8,0,0,0.4861,encode,5
5,dissect_spoolss_doc_info_1,1,0,0,0.4854,doc,2
3,binary_upgrade_extension_member,23,0,0,0.4848,upgrade,4
4,interpolate_lanczos3,1,0,0,0.48,3,4
4,gradient_calc_conical_sym_factor,1,0,0,0.48,sym,3
3,_hash_dropbuf,4,0,0,0.4787,drop,5
3,_bt_insertonpg,2,0,0,0.4747,on,5
5,wimax_common_tlv_encoding_decoder,9,0,0,0.4745,encoding,5
3,ReceiveCopyBegin,1,0,0,0.4706,receive,4
4,gtk_drag_dest_set,22,0,0,0.4706,dest,4
4,compute_border,2,0,0,0.4706,compute,4
4,gimp_palette_import_store_colors,1,0,0,0.4706,import,4
3,BaseInit,5,0,0,0.4681,base,5
2,update_auto_increment,7,0,0,0.4661,auto,5
5,g_module_symbol,7,0,0,0.4661,module,5
4,gimp_display_options_class_init,1,0,0,0.4645,options,5
3,pg_strtok,575,2,6,0.463,strtok,5
5,write_byte,4,0,0,0.4626,byte,5
3,KeepLogSeg,2,0,0,0.4615,eg,3
3,repeat,8,0,0,0.4615,repeat,3
4,gimp_display_get_window_handle,1,0,0,0.4615,window,4
4,gimp_recent_list_add_uri,1,0,0,0.4615,uri,4
5,aim_get_subtype,2,0,0,0.4615,subtype,2
5,icqv5_srv_user_online,1,0,0,0.4615,online,2
3,ginStepRight,6,0,0,0.4599,step,5
5,dissect_fcels_rec,1,0,0,0.4597,rec,4
3,extract_autovac_opts,3,0,0,0.4571,opts,2
5,dissect_pn_int32,1,0,0,0.4564,t32,3
2,get_peerKey,5,0,0,0.4545,peer,3
3,stat,65,0,0,0.4545,stat,5
4,gimp_vector2_normal,1,0,0,0.4545,normal,3
4,gimp_value_set_int8array,1,0,0,0.4545,t8,2
5,samr_dissect_element_UserInfo3_logon_script,1,0,0,0.4545,script,4
4,g_timeout_add,26,0,0,0.45,timeout,5
5,evaluate_sdnv,44,0,0,0.45,evaluate,3
5,dissect_admin_record,1,0,0,0.45,admin,3
5,wtap_buf_ptr,7,0,0,0.4498,buf,5
5,fvalue_string_repr_len,3,0,0,0.4494,len,5
4,printslashstring,1,0,0,0.449,slash,1
5,rel_oid_encoded2string,4,0,0,0.4489,2,5
3,GetFreeIndexPage,4,0,0,0.447,page,4
1,fs_closest_copy,1,0,0,0.4444,closest,1
2,flst_cut_end,1,0,0,0.4444,cut,2
4,gimp_translation_store_new,1,0,0,0.4444,translation,4
4,gimp_tile_cache_insert,2,0,0,0.4441,cache,5
1,svn_wc_match_ignore_list,6,0,0,0.4412,ignore,5
5,dissect_dcom_indexed_HRESULT,16,0,0,0.4385,indexed,3
1,svn_checksum_serialize,1,0,0,0.4382,serialize,3
3,nocache_index_getattr,44,0,0,0.438,index,5
2,write,103,0,0,0.4375,write,5
2,convert_to_printable,1,0,0,0.4375,printable,1
5,proto_register_fcgi,1,0,0,0.4375,fcgi,1
4,gtk_list_store_append,45,0,0,0.4374,store,5
5,dissect_dcerpc_uuid_t,35,0,0,0.4364,uuid,4
0,ap_proxy_determine_connection,5,0,0,0.4348,determine,5
3,UpdateLastRemovedPtr,1,0,0,0.4348,removed,2
5,failure_message,2,0,0,0.4348,failure,5
5,zlib_fast_seek_add,2,0,0,0.4348,seek,5
2,SquareRoot,1,0,0,0.4343,root,5
5,print_field_value,1,0,0,0.433,field,5
4,gimp_channel_prop_undo_class_init,1,0,0,0.4329,prop,4
2,RABBIT_g_func,1,0,0,0.4327,func,5
4,euklid,4,0,0,0.4314,lid,2
5,proto_register_docsis_regrspmp,1,0,0,0.4314,rs,2
5,print_system_id,4,0,0,0.4312,system,4
0,SSL_alert_type_string_long,2,0,0,0.4298,ssl,4
0,add_include_vars_lazy,2,0,0,0.4286,lazy,3
2,line_started,3,0,0,0.4286,started,3
5,dissect_cntrl_reply,1,0,0,0.4286,cntrl,3
0,ap_getword_conf,98,1,4,0.4248,word,5
3,gistGetNodeBuffer,2,0,0,0.4247,node,5
5,dfilter_compile,12,13,44,0.4244,d,5
0,dav_xml_get_cdata,2,0,0,0.4242,cdata,3
5,de_rr_eutran_pcid_to_ta_mapping,1,0,0,0.4242,mapping,2
2,buf_calc_page_new_checksum,6,0,0,0.4241,checksum,4
2,str_needs_quotes,6,0,0,0.4211,needs,4
5,dissect_ds_ch_list_range,1,0,0,0.4211,ch,2
5,mate_analyze_frame,1,0,0,0.4211,analyze,4
5,UL_interference_and_noise_level_IE,1,0,0,0.4206,level,5
5,handle_message_sasl,1,0,0,0.42,sasl,1
4,gimp_tag_equals,4,0,0,0.4199,tag,5
3,list_nth,156,2,8,0.419,nth,3
1,svn_checksum__from_digest_md5,12,1,4,0.4167,digest,5
2,get_best_group_min_max,1,0,0,0.4167,best,5
4,get_pid,12,0,0,0.4167,pid,5
5,union_of_tap_listener_flags,3,0,0,0.4155,flags,5
3,GenerateTypeDependencies,3,0,0,0.4142,generate,5
1,apr_hash_next,286,0,0,0.4126,next,5
5,dissect_recovery_data,1,0,0,0.412,recovery,3
3,access,8,1,4,0.4108,access,5
4,g_return_if_fail_warning,6619,0,0,0.4084,if,5
3,DiscardAll,1,0,0,0.4082,discard,4
3,smgrtruncate,4,0,0,0.407,truncate,5
4,g_object_class_install_property,967,0,0,0.4054,install,3
5,proto_register_docsis_bpkmattr,1,0,0,0.4043,attr,5
4,apply_mask_to_alpha_channel,1,0,0,0.404,apply,5
3,ginPrepareScanPostingTree,5,0,0,0.4032,can,5
5,asn1_ctx_check_signature,3,0,0,0.4014,ctx,4
0,getpwnam,1,0,0,0.4,getpwnam,2
1,range_contains,1,0,0,0.4,contains,4
1,svn_path_decompose,12,1,4,0.4,decompose,1
1,svn_wc_relocate4,3,0,0,0.4,relocate,2
2,charset,353,0,0,0.4,charset,2
2,log_buffer_flush_to_disk,13,0,0,0.4,disk,4
3,UnregisterSnapshot,10,0,0,0.4,unregister,4
3,RequireTransactionChain,5,0,0,0.4,require,2
4,gtk_events_pending,12,0,0,0.4,pending,4
4,gimp_enum_set_value_descriptions,142,0,0,0.4,descriptions,2
4,gimp_image_guide_added,1,0,0,0.4,added,3
4,gtk_widget_get_visual,2,0,0,0.4,visual,2
5,dissect_dcom_that,58,0,0,0.4,that,2
5,fPriorityArray,1,0,0,0.4,priority,2
5,mbim_dissect_provisioned_contexts_info,1,0,0,0.4,contexts,1
5,ref_butc_dissect_BUTC_LabelTape_taskId,1,0,0,0.4,task,1
5,dissect_x509ce_HoldInstruction,1,0,0,0.4,instruction,2
5,strncmp,413,16,41,0.3982,strncmp,5
2,use_buffer,4,0,0,0.3977,use,5
2,ut_fold_binary,10,0,0,0.3972,binary,5
4,gimp_item_get_name,22,0,0,0.3964,name,5
0,event_note_child_killed,3,0,0,0.3953,killed,1
5,in_cksum_shouldbe,26,0,0,0.3947,should,5
2,send_all_trees,1,0,0,0.3946,all,5
3,scan_directory_ci,1,0,0,0.3935,scan,5
5,get_TypeIdLength,1,0,0,0.3934,typeid,3
5,tvb_new_child_real_data,95,0,0,0.3926,real,4
5,create_tempfile,3,0,0,0.3922,create,5
4,gtk_tree_view_insert_column_with_attributes,20,0,0,0.3918,column,4
4,gimp_zoom_model_set_range,2,0,0,0.3885,range,5
5,mysql_dissect_exec_primitive,6,0,0,0.3885,mysql,1
5,atoi,86,5,15,0.3877,i,5
5,dissect_lcsap_Include_Velocity,1,0,0,0.3871,include,4
5,get_transaction,2,0,0,0.3863,transaction,4
5,register_tap_listener_stats_tree_stat,1,0,0,0.3855,stats,4
1,svn_config_merge,2,0,0,0.3846,merge,5
2,fflush,108,3,11,0.3846,fflush,5
4,fclose,232,4,16,0.3812,fclose,5
5,add_manually_resolved,1,0,0,0.381,resolved,2
3,deserialize_deflist,3,0,0,0.38,deserialize,2
2,find_or_create_host,2,0,0,0.3797,host,5
4,gimp_id_table_new,2,0,0,0.3777,id,5
5,append_struct_signature,1,0,0,0.3768,struct,4
3,tmpfile,1,0,0,0.375,tmpfile,1
5,dissect_nhdr_ume_preg,1,0,0,0.375,preg,1
5,dissect_udvm_reference_operand,27,0,0,0.3704,operand,2
3,text_to_cstring,158,4,16,0.3694,cstring,2
5,drsuapi_dissect_DsGetNCChangesUsnTriple_usn1,1,0,0,0.3673,changes,3
2,rotlFixed,678,0,0,0.3664,l,5
5,dissect_attrs,7,0,0,0.3659,attrs,3
5,EoEFragNoFormatter,1,0,0,0.3654,no,5
2,GetIssuer,7,0,0,0.3636,issuer,2
2,fsp_seg_inode_page_get_nth_inode,8,0,0,0.3636,seg,2
2,innobase_need_rebuild,5,0,0,0.3636,need,4
2,row_make_new_pathname,3,0,0,0.3636,pathname,4
3,errmsg_internal,108,0,0,0.3635,internal,5
4,gimp_color_hex_entry_new,3,0,0,0.3623,hex,5
5,dissect_variable_int_string,2,0,0,0.3621,variable,3
2,history_def_enter,1,0,0,0.3617,history,4
4,gimp_filename_to_utf8,471,2,6,0.3607,utf8,4
4,g_build_filename,99,0,0,0.3596,filename,5
5,dissect_per_External,1,0,0,0.3596,external,4
3,get_all_actual_clauses,1,0,0,0.359,actual,4
5,new_loal,4,0,0,0.359,lo,2
2,map_print_some_keys,4,0,0,0.358,print,5
3,GetActiveSnapshot,22,0,0,0.3571,snapshot,2
3,smgrnblocks,11,2,6,0.3559,blocks,3
1,send_vsn_url,3,0,0,0.3529,vsn,2
2,_OSSwapInt32,9,0,0,0.3529,osswapint32,3
4,_gimp_unit_get_symbol,4,0,0,0.3529,symbol,3
5,setjmp,99,0,0,0.3529,setjmp,3
5,register_init_routine,163,0,0,0.3529,routine,2
5,tshark_epan_new,2,0,0,0.3523,t,5
5,dissect_xdlc_control,13,0,0,0.3509,control,5
2,thd_make_lex_string,10,0,0,0.35,lex,4
4,gtk_widget_push_composite_child,6,0,0,0.3497,child,5
2,sp_make_key,1,0,0,0.3488,sp,3
5,wimax_security_negotiation_parameters_decoder,2,0,0,0.3478,parameters,4
5,dissect_msrp_three_packed_event,4,0,0,0.3478,three,2
5,dissect_nbap_HS_DSCH_Resources_Information_AuditRsp,1,0,0,0.3478,resources,4
3,gistGetFakeLSN,6,0,0,0.3462,lsn,1
4,gimp_text_vector_coords,5,0,0,0.3459,vector,3
5,proto_register_btatt,1,0,0,0.3452,att,2
4,__sync_synchronize,507,0,0,0.3448,sync,5
5,glossary_option_help,4,0,0,0.3442,option,4
4,gtk_toggle_button_get_active,119,1,3,0.3429,active,4
4,gimp_document_list_new,1,0,0,0.3429,document,4
5,dissect_aim_capability,2,0,0,0.3429,capability,1
3,cmpEntries,1,0,0,0.3416,cmp,5
4,fopen,132,0,0,0.3416,fopen,5
2,__builtin___vsnprintf_chk,3,0,0,0.3409,vsnprintf,5
5,frame_tvbuff_new,6,0,0,0.34,buff,1
5,dissect_gsm_map_ms_NoteSubscriberDataModifiedRes,1,0,0,0.3396,note,3
5,fill_label_number64,6,0,0,0.3378,64,5
1,apr_time_now,38,2,8,0.3359,now,4
4,calc_lab,5,0,0,0.3359,calc,5
5,Skip_IE,1,0,0,0.3352,skip,5
0,apr_dso_error,2,0,0,0.3333,dso,1
0,_OSSwapInt16,6,0,0,0.3333,osswapint16,3
0,connection_constructor,2,0,0,0.3333,constructor,1
1,svn_inheritance_to_word,2,0,0,0.3333,inheritance,1
1,svn_subst_keywords_differ2,1,0,0,0.3333,differ,1
1,wclock_obtain_cb,1,0,0,0.3333,obtain,2
2,begin,48,0,0,0.3333,begin,5
2,lock_rec_enqueue_waiting,2,0,0,0.3333,waiting,3
2,rw_lock_get_waiters,1,0,0,0.3333,waiters,1
2,init_pager,5,0,0,0.3333,pager,1
2,change_partitions,1,0,0,0.3333,partitions,1
2,get_subst_item,3,0,0,0.3333,subst,2
3,pull_var_clause,17,0,0,0.3333,clause,1
3,GetFdwRoutineForRelation,7,6,24,0.3333,fd,4
3,RI_FKey_check_ins,1,0,0,0.3333,ins,2
3,r_i_verb_suffix,2,0,0,0.3333,verb,1
4,pixel_surround_set_bg,4,0,0,0.3333,bg,2
4,sin,216,0,0,0.3333,sin,2
4,gimp_color_selector_new,4,0,0,0.3333,selector,1
4,gtk_widget_get_ancestor,8,0,0,0.3333,ancestor,3
4,mk_string,9,0,0,0.3333,mk,4
4,get_intersection_of_frames,1,1,4,0.3333,frames,1
4,threshold_exceeded,4,0,0,0.3333,exceeded,2
5,gmtime,26,1,3,0.3333,gmtime,3
5,new_gopcfg,1,0,0,0.3333,pcfg,1
5,dissect_profidrive_value,1,0,0,0.3333,drive,2
5,uat_add_record,2,0,0,0.3333,u,4
5,get_amqp_0_10_type_formatter,1,0,0,0.3333,am,2
5,dissect_mpls_pm_combined,2,0,0,0.3333,combined,1
5,dissect_ocsp_OCSPResponse,2,0,0,0.3333,ocsp,1
5,lsarpc_dissect_element_lsa_TrustDomainInfoBuffer_secret_type,1,0,0,0.3333,secret,3
5,dissect_ranap_SRVCC_Operation_Possible,1,0,0,0.3333,possible,2
3,fix_infomask_from_infobits,4,0,0,0.3329,from,5
3,pq_sendint,179,0,0,0.3316,send,5
5,nstime_set_zero,27,0,0,0.3316,ns,4
4,g_value_peek_pointer,80,0,0,0.3299,peek,4
5,proto_register_ftp,1,0,0,0.3297,ftp,1
4,gimp_layer_add_alpha,20,0,0,0.3288,alpha,4
5,get_ucs_4_string,2,0,0,0.3288,4,4
5,dissect_nhdr_odomain,1,0,0,0.3273,o,2
3,errfinish,4434,0,0,0.3261,finish,5
5,yy_syntax_error,3,0,0,0.3243,syntax,3
3,strip_implicit_coercions,15,0,0,0.3226,strip,5
4,g_slice_free_chain_with_offset,2,0,0,0.3226,chain,5
2,row_drop_database_for_mysql,1,0,0,0.3221,database,2
4,gimp_palette_select_destroy,1,0,0,0.3217,select,5
2,terminal_telltc,2,0,0,0.321,tell,2
5,number_of_padding_bytes,3,1,2,0.3205,bytes,5
0,ap_rputs,291,3,7,0.3203,puts,3
5,tfshark_epan_new,1,0,0,0.32,tf,1
3,ConditionalLockBuffer,8,0,0,0.3175,lock,5
4,gimp_container_filter,2,0,0,0.3162,filter,5
2,innobase_undo_logs_init_default_max,1,0,0,0.3158,logs,3
2,sanitize_user,7,0,0,0.3158,sanitize,3
4,gimp_settings_box_separator_add,2,0,0,0.3158,separator,3
5,g_string_append_c_inline,28,0,0,0.3151,c,5
5,wtap_cleareof,1,0,0,0.3143,of,5
1,get_children,1,0,0,0.3141,children,5
4,FcObjectSetBuild,1,0,0,0.3138,build,5
3,pg_detoast_datum_packed,305,2,8,0.3134,packed,3
5,subnet_entry_set,1,0,0,0.3125,subnet,1
3,_copyNestLoop,1,0,0,0.3103,loop,4
4,pnmscanner_eatwhitespace,2,0,0,0.3103,eat,3
3,DefineSavepoint,3,0,0,0.3077,define,3
3,SetTempTablespaces,4,0,0,0.3077,tablespaces,1
3,check_restricted_library_name,1,0,0,0.3077,library,4
4,gtk_tree_view_set_enable_tree_lines,1,0,0,0.3077,lines,4
5,dissect_ber_constrained_restricted_string,69,0,0,0.3077,restricted,1
5,dissect_gadu_gadu_login_protocol,2,0,0,0.3077,login,2
5,recolonize,1,0,0,0.3072,re,5
5,dissect_reply_afp_get_acl,1,0,0,0.3065,acl,2
2,ut_sprintf_timestamp,3,0,0,0.3045,timestamp,2
5,get_dissector_names,1,1,4,0.3043,names,5
5,dissect_cfdp_metadata_pdu,1,0,0,0.3043,metadata,2
3,smgrpostckpt,1,0,0,0.3041,post,5
5,print_current_user,3,0,0,0.3037,user,5
5,cba_connection_info,8,1,3,0.303,connection,5
5,tvb_pbrk_guint8_generic,1,0,0,0.303,generic,4
1,svn_sqlite__finish_savepoint,61,0,0,0.3028,save,5
3,get_rewrite_oid_without_relid,1,0,0,0.3028,rewrite,3
2,CopySelfCert,1,0,0,0.3011,copy,5
5,dissect_browser_TYPE_8,1,0,0,0.3005,8,4
2,check_rules,1,0,0,0.3,rules,3
2,more_points,5,0,0,0.3,more,3
3,describeTableDetails,1,0,0,0.3,describe,3
5,dissect_nhdr_umq_reg_observer_rcv,1,0,0,0.3,observer,1
5,dissect_rsl_ie_tfo_transp_cont,5,0,0,0.3,cont,3
2,fixedtables,2,0,0,0.2976,tables,5
5,new_token,33,0,0,0.2967,token,5
5,add_unix_interface_ifinfo,1,0,0,0.2963,unix,4
5,if_info_ip,1,0,0,0.2963,ip,5
4,g_object_get_property,37,0,0,0.2951,property,4
2,apply_shift,1,0,0,0.2947,shift,4
4,gimp_zoom_preview_untransform,1,0,0,0.2947,transform,4
3,AtStart_Memory,1,0,0,0.2946,at,5
1,two_way_diff,38,0,0,0.2941,two,4
5,check_capture_privs,1,0,0,0.2941,privs,2
5,dissect_PNMRRT_Common,1,0,0,0.2941,pnm,1
5,dissect_etv_bif_platform_ids,1,0,0,0.2941,platform,1
3,pre_format_elog_string,56,0,0,0.2924,pre,5
3,make_ands_implicit,11,0,0,0.2917,implicit,3
5,dissect_dtls_hnd_cli_hello,1,0,0,0.2917,cli,1
3,strtod,22,0,0,0.2914,strtod,4
3,hash_corrupted,3,0,0,0.2909,corrupted,1
5,dissect_iap_request,1,0,0,0.2909,request,5
3,repalloc,125,0,0,0.2903,rep,4
5,dissect_RecordDataWrite,1,0,0,0.2903,record,5
2,mbsrtowcs,2,0,0,0.2894,mb,2
4,gimp_context_get_foreground,61,0,0,0.289,get,5
4,gimp_palette_delete_entry,3,0,0,0.2863,entry,5
0,ap_expr_yyparse,1,0,0,0.2857,yyparse,2
0,gen_nonce_hash,2,0,0,0.2857,nonce,2
0,dav_get_options_providers,2,0,0,0.2857,providers,2
1,delta_proplists,4,0,0,0.2857,lists,4
2,turboBM_matches,1,0,0,0.2857,bm,2
2,do_table_deletes,1,0,0,0.2857,deletes,1
2,release_ddl_log_memory_entry,6,0,0,0.2857,ddl,1
3,get_current_username,1,0,0,0.2857,username,4
3,bracket,3,0,0,0.2857,bracket,2
4,gimp_rectangle_tool_coord_outside,1,0,0,0.2857,outside,2
5,setlocale,8,0,0,0.2857,setlocale,4
5,col_set_delta_time_dis,2,0,0,0.2857,dis,2
5,reply_enumerate,2,0,0,0.2857,reply,3
5,dissect_cbs_data_coding_scheme,9,0,0,0.2857,scheme,3
5,dissect_usb_endpoint_descriptor,3,0,0,0.2857,endpoint,2
5,proto_register_mount,1,0,0,0.2857,mount,2
4,g_thread_pool_set_max_threads,1,0,0,0.2824,threads,4
0,wakeup_listener,2,0,0,0.2822,listener,1
1,svn_pool_create_ex,732,0,0,0.2802,ex,5
5,unpack_digits,11,0,0,0.28,digits,3
4,gimp_unit_def_init,1,0,0,0.2762,def,4
2,hashHandShake,10,0,0,0.2759,handshake,2
4,cairo_clip,51,0,0,0.2759,clip,2
2,get_length,66,0,0,0.2746,length,5
2,ut_rnd_interval,5,0,0,0.274,interval,2
4,g_hash_table_insert,50,0,0,0.2732,table,5
2,sanity_check_message,1,0,0,0.2727,sanity,2
2,trx_recover_for_mysql,1,0,0,0.2727,recover,3
2,get_pi,8,0,0,0.2727,pi,3
3,SetForwardFsyncRequests,1,0,0,0.2727,requests,3
4,floating_sel_activate_drawable,1,0,0,0.2727,activate,3
4,windows_actions_display_add,1,0,0,0.2727,windows,3
5,physical_attributes_decoder,1,0,0,0.2727,physical,2
5,dissect_key_indicator_switch,1,0,0,0.2727,indicator,3
5,dissect_payload_kink_not_defined,1,0,0,0.2727,defined,3
5,dissect_mpls_echo_tlv_dd_map,1,0,0,0.2727,dd,1
3,transformCTEReference,1,0,0,0.2712,reference,4
5,print_stream_text_stdio_new,2,0,0,0.2706,stream,4
4,gimp_container_remove_handler,13,0,0,0.2695,handler,5
4,pixel_difference,7,0,0,0.2679,difference,3
4,gimp_tool_oper_update,1,0,0,0.2679,oper,3
2,double_linked_list_exclude,4,0,0,0.2667,linked,4
4,gimp_spin_scale_set_scale_limits,4,0,0,0.2667,limits,4
4,gimp_display_shell_present,8,0,0,0.2667,present,4
5,srvsvc_dissect_element_Statistics_permerrors,1,0,0,0.2667,perm,2
5,lsarpc_dissect_element_lsa_DomainInfoKerberos_enforce_restrictions,1,0,0,0.2667,enforce,2
4,g_malloc_n,832,0,0,0.266,n,5
2,trx_roll_savepoints_free,1,0,0,0.2651,points,2
3,typesequiv,4,0,0,0.2649,types,5
2,fts_get_select_columns_str,1,0,0,0.2647,columns,4
4,gimp_brush_clipboard_buffer_changed,1,0,0,0.2645,changed,4
3,moveRightIfItNeeded,2,0,0,0.2637,right,4
0,apr_bucket_alloc_create,3,0,0,0.2632,bucket,5
1,svn_repos_hooks_setenv,3,1,4,0.2632,hooks,1
3,make_empty_acl,1,0,0,0.2625,empty,5
5,fNullTag,3,0,0,0.2619,null,5
5,set_time_hour_min_sec,5,0,0,0.2613,min,4
5,dissect_dcerpc_uint64,7,0,0,0.2609,uint64,3
5,camelsrt_close_call_matching,5,0,0,0.2609,matching,3
2,tree_walk,13,0,0,0.2597,walk,4
5,draw_items_for_severity,4,0,0,0.2593,items,5
2,wcwidth,7,0,0,0.2592,wc,3
2,xdes_get_n_used,14,1,4,0.2586,used,3
4,gimp_plug_in_manager_bind_text_domains,1,0,0,0.2585,bind,5
5,g_ascii_strncasecmp,94,0,0,0.2583,strncasecmp,5
2,heap_rfirst,1,0,0,0.2579,first,5
4,gimp_selection_extract,4,0,0,0.2577,extract,5
3,get_tablespace_oid,14,3,12,0.2576,tablespace,1
3,CatalogUpdateIndexes,163,0,0,0.2571,indexes,2
4,gimp_image_undo_push_text_layer_modified,4,0,0,0.2564,modified,4
4,atoi,99,4,13,0.2558,a,5
4,gimp_drawable_flush,132,0,0,0.2555,flush,5
3,_bt_walk_left,1,0,0,0.2542,left,5
5,g_array_insert_vals,8,0,0,0.2539,insert,5
5,if_info_add_address,1,0,0,0.2531,info,5
4,gimp_drawable_preview_private,2,0,0,0.2514,private,5
0,list_urls,2,0,0,0.25,urls,1
1,translate_newline,3,0,0,0.25,newline,3
2,dict_get_referenced_table,1,2,8,0.25,referenced,1
2,srv_mon_process_existing_counter,5,0,0,0.25,existing,4
2,trx_undo_mem_init_for_reuse,1,0,0,0.25,reuse,2
2,remove_leading_zeroes,4,0,0,0.25,leading,1
2,dd_frm_storage_engine,1,0,0,0.25,engine,2
2,intersection_found,2,0,0,0.25,intersection,3
2,closing_bracket,1,0,0,0.25,closing,2
2,binlog_prepare_row_images,2,0,0,0.25,images,1
2,harvest_bytes_written,9,0,0,0.25,harvest,1
3,closedir,10,0,0,0.25,closedir,1
3,log_incomplete_deletion,1,0,0,0.25,incomplete,2
3,getnameinfo_unix,2,0,0,0.25,getnameinfo,3
3,schedule_alarm,7,0,0,0.25,schedule,2
3,get_descriptors,3,0,0,0.25,descriptors,1
3,strtoll,1,0,0,0.25,strtoll,1
3,ftello,6,1,2,0.25,tello,1
5,ws80211_set_freq,1,1,4,0.25,freq,1
5,protoo_strlcpy,19,0,0,0.25,pro,2
5,dissect_attribute_entries,3,0,0,0.25,entries,4
5,samr_dissect_element_GetAliasMembership_rids,1,0,0,0.25,alias,5
5,dissect_kademlia_hash_hidden,1,0,0,0.25,hidden,3
5,dissect_http2_continuation,1,0,0,0.25,continuation,1
5,ipmi_fmt_500ms_1based,1,0,0,0.25,based,2
5,dissect_shim6_ct,9,0,0,0.25,ct,3
5,tvb_get_guint32_endian,96,16,48,0.25,endian,1
5,dissect_nfs4_cb_layoutrecall,1,0,0,0.25,recall,2
5,dissect_usb_video_streaming_interface_descriptor,1,0,0,0.25,streaming,1
5,dissect_invokeData,4,0,0,0.25,invoke,4
5,g_ptr_array_new,63,0,0,0.2497,array,5
5,dissect_sel_rst_param,1,0,0,0.2491,sel,3
4,gimp_context_set_pattern,5,0,0,0.2474,pattern,4
3,pg_strcasecmp,1047,27,103,0.2464,strcasecmp,5
5,set_mac_lte_rapid_ranges,1,0,0,0.2462,ranges,4
5,dissect_controller_entry,2,0,0,0.2459,controller,2
3,XLogInsert,80,0,0,0.2457,x,5
2,net_store_datetime,2,0,0,0.2429,datetime,2
4,gimp_item_set_offset,26,0,0,0.2425,offset,5
5,pcap_datalink_val_to_description,1,0,0,0.2412,description,5
5,proto_report_dissector_bug,749,0,0,0.2401,report,5
2,rec_get_deleted_flag,58,4,15,0.24,deleted,3
3,set_ps_display,30,0,0,0.24,ps,3
2,readdir,2,0,0,0.2381,readdir,3
2,isatty,5,0,0,0.2381,isatty,5
4,gimp_blob_duplicate,3,0,0,0.237,blob,4
5,modify_times,2,0,0,0.237,modify,4
5,dissect_bfcp_attributes,6,0,0,0.2369,b,5
1,dav_get_liveprop_info,2,0,0,0.2368,live,3
4,ico_save_image,1,0,0,0.2368,co,2
0,close_logfile,1,0,0,0.2353,logfile,2
2,rbt_check_ordering,1,0,0,0.2353,ordering,2
4,gimp_context_set_template,6,0,0,0.2353,template,4
4,gimp_dock_temp_add,1,0,0,0.2329,temp,5
5,tvb_strncaseeql,36,0,0,0.232,case,5
5,dissect_PNMRP_Common,1,0,0,0.2314,common,4
2,row_mysql_unlock_data_dictionary,36,0,0,0.2311,unlock,5
1,add_url_parents,2,0,0,0.2308,parents,3
2,dynstr_trunc,2,0,0,0.2308,trunc,3
4,gimp_preview_area_fill,4,0,0,0.2308,area,3
4,gimp_unset_busy,29,0,0,0.2308,busy,3
4,bumpmap_dialog,1,0,0,0.2308,bump,1
5,fSegmentAckPDU,1,0,0,0.2308,segment,5
5,dissect_wassp,1,0,0,0.2308,was,3
5,dissect_banana_element,2,0,0,0.2297,element,4
4,gimp_histogram_free_values,3,0,0,0.2293,values,4
5,wtap_pcap_encap_to_wtap_encap,6,3,9,0.2293,to,5
2,trim_whitespace,8,0,0,0.2286,whitespace,2
4,gimpBaseTypeToPsdMode,1,0,0,0.2286,basetype,1
3,UnlockRelationForExtension,14,0,0,0.2283,for,5
4,gtk_button_new_with_mnemonic,40,0,0,0.2283,with,4
3,errhint,358,0,0,0.2278,hint,3
5,dissect_bthci_evt_inq_complete,1,0,0,0.2264,complete,4
5,dissect_cert,1,0,0,0.2264,cert,3
4,gimp_wm_class,1,0,0,0.2263,class,3
3,ginHeapTupleFastCollect,1,0,0,0.2247,fast,5
0,isdigit,38,0,0,0.2243,isdigit,4
3,RenumberEnumType,1,0,0,0.224,number,5
2,MultiplyAndAdd,115,0,0,0.2235,and,5
5,dissect_wimaxmacphy_phy_txsdu_confirmation,1,0,0,0.2231,tx,3
0,cleanup_tempfile_and_exit,4,0,0,0.2222,tempfile,4
2,_tr_init,1,0,0,0.2222,tr,2
2,RecursiveMultiply,14,0,0,0.2222,recursive,3
2,online_retry_drop_indexes_low,3,0,0,0.2222,retry,2
2,mysql_prune_stmt_list,1,0,0,0.2222,prune,2
2,arguments,76,0,0,0.2222,arguments,4
2,sql_conditions,9,0,0,0.2222,conditions,3
3,EventTriggerSupportsObjectClass,1,0,0,0.2222,supports,4
4,g_regex_new,13,1,2,0.2222,regex,4
5,pcap_breakloop,1,0,0,0.2222,break,2
5,get_fileHandleSrc_size,1,0,0,0.2222,src,3
5,mbim_dissect_set_stk_terminal_response,1,0,0,0.2209,terminal,2
4,g_slist_prepend,73,0,0,0.2208,list,5
5,dissect_tape_invalid,1,0,0,0.2205,invalid,4
3,add_eq_member,6,0,0,0.2192,eq,4
5,dissect_hclnfsd_share_call,1,0,0,0.219,share,3
5,lowpan_pfxcpy,3,0,0,0.2187,low,2
5,dissect_xid,3,0,0,0.2162,xid,3
5,strlen,852,29,84,0.2156,strlen,5
1,handle_merged_revisions,2,0,0,0.2143,merged,3
2,buf_flush_LRU_list_batch,1,0,0,0.2143,batch,3
2,fill_locks_row,1,0,0,0.2143,locks,4
2,log2,1,0,0,0.2143,log2,2
2,found_rows,3,0,0,0.2143,found,3
3,output_get_descr,1,0,0,0.2143,descr,2
4,gimp_brush_generated_set_aspect_ratio,3,0,0,0.2143,ratio,3
4,log10,6,0,0,0.2143,log10,3
5,ipmi_register_storage,1,0,0,0.2128,storage,4
1,svn_dirent_canonicalize,18,0,0,0.2113,canonicalize,3
5,dissect_gsm_bsslap_ta_res,1,0,0,0.2113,res,3
2,ending_trans,3,0,0,0.2105,ending,2
3,heap_form_tuple,91,3,0,0.2105,form,4
3,AtEOXact_LargeObject,3,0,0,0.2105,act,2
3,pg_strftime,8,0,0,0.2105,strftime,4
3,SetTuplestoreDestReceiverParams,2,0,0,0.2105,stored,3
3,adjust_inherited_tlist,1,0,0,0.2105,inherited,2
3,SignalUnconnectedWorkers,4,0,0,0.2105,workers,2
3,check_xact_readonly,1,2,4,0.2105,readonly,3
4,pnmscanner_getchar,5,0,0,0.2105,getchar,2
5,fstat,8,0,0,0.2105,fstat,4
5,de_rr_eutran_neighbour_cells,1,0,0,0.2105,cells,2
5,set_rel_time,1,0,0,0.2104,rel,4
5,proto_item_add_subtree,11631,13,26,0.2104,item,5
5,frame_delta_abs_time,17,0,0,0.2101,delta,2
5,set_address,492,0,0,0.2093,address,3
3,detzcode,20,0,0,0.2083,de,5
3,getpid,24,0,0,0.2083,getpid,5
4,gimp_image_undo_push_drawable_mod,3,0,0,0.2082,mod,4
5,dissect_response_pdu,1,0,0,0.2082,response,4
2,strncpy,124,0,0,0.2071,strncpy,5
0,ap_list_provider_names,9,3,7,0.2069,provider,3
3,optimize_minmax_aggregates,1,0,0,0.2069,optimize,2
5,overwrite,6,0,0,0.2069,overwrite,3
3,oprid,4,0,0,0.2059,rid,1
3,_bt_delitems_delete,1,0,0,0.2055,del,5
1,svn_dirent_local_style,465,1,4,0.2045,local,5
2,add_condition,2,0,0,0.2045,condition,3
5,free_frame_data_sequence,2,0,0,0.2045,sequence,3
5,localtime,31,1,3,0.2039,time,5
5,ptvcursor_advance,15,0,0,0.2034,advance,4
2,do_flush,4,0,0,0.2027,do,5
5,qualifiedname,39,0,0,0.2025,qualifiedname,1
4,g_source_remove,96,0,0,0.2023,remove,5
3,SetCurrentChunkStartTime,1,0,0,0.2014,chunk,4
5,dissector_change_uint,8,0,0,0.2008,change,4
1,svn_error__wrap_zlib,9,0,0,0.2,zlib,3
2,free_tmpdir,3,0,0,0.2,tmpdir,1
2,dlsym,11,2,8,0.2,dlsym,1
2,register_binlog_transmit_observer,1,0,0,0.2,transmit,2
2,pthread_sigmask,6,0,0,0.2,sk,2
2,mark_as_dependent,10,0,0,0.2,dependent,2
2,fill_effective_table_privileges,3,0,0,0.2,privileges,3
2,change_rli_repository,1,0,0,0.2,repository,2
3,gistInitBuffering,1,0,0,0.2,buffering,1
3,ExplainPreScanMemberNodes,5,0,0,0.2,nodes,3
3,dlopen,1,0,0,0.2,dlopen,1
3,mark_hl_words,1,0,0,0.2,words,2
3,SPI_plan_get_plan_sources,2,0,0,0.2,sources,2
4,interpolate_nearest,1,0,0,0.2,nearest,2
4,gtk_box_set_homogeneous,32,0,0,0.2,homogeneous,1
5,fvalue_type_ftenum,7,0,0,0.2,ft,2
5,HO_CID_Translation_MAP_IE,1,0,0,0.2,cid,1
5,lua_settop,265,0,0,0.2,top,4
5,dissect_error_causes,5,0,0,0.2,causes,1
5,dcm_tag_summary,2,0,0,0.2,summary,4
5,dissect_ca_desc,2,0,0,0.2,ca,2
5,dissect_eigrp_legacy_metric,5,0,0,0.2,legacy,2
5,dissect_cmd3,1,0,0,0.2,cmd3,1
5,dissect_ansi_map_FacilitiesDirective,1,0,0,0.2,directive,2
5,proto_register_lge_monitor,1,0,0,0.2,monitor,3
4,g_queue_pop_head,7,0,0,0.1996,head,5
3,gintuple_get_key,10,0,0,0.1968,key,5
5,proto_tree_add_int,1056,1,3,0.1967,int,5
5,printable_char_or_period,6,0,0,0.1961,or,5
3,CompleteCachedPlan,4,0,0,0.1957,cached,3
4,plug_in_icc_profile_info_return,2,0,0,0.1957,profile,2
2,log_complete_checkpoint,1,0,0,0.1951,checkpoint,1
5,col_set_writable,82,0,0,0.1948,writable,3
2,_rl_update_pos,2,0,0,0.1946,pos,4
2,GetString,2,0,0,0.1944,getstring,1
0,ap_get_brigade,60,7,24,0.1931,brigade,1
5,pcap_freecode,2,0,0,0.1928,code,5
2,wcschr,9,0,0,0.1923,wcs,1
5,format_size,6,0,0,0.1923,format,5
5,handle_chopping,1,0,0,0.1916,handle,5
0,tokens_to_array,2,0,0,0.1905,tokens,4
0,dav_inherit_locks,2,0,0,0.1905,inherit,4
2,EncodeDSA_Signature,3,0,0,0.1905,encoded,4
5,Radiusensure_buffer_stack,4,0,0,0.1905,radius,2
4,gimp_procedure_add_argument,1545,0,0,0.1899,argument,3
5,dissect_dtls_hnd_srv_hello,1,0,0,0.1898,srv,1
5,register_tap_listener_smbsids,1,0,0,0.1894,ids,5
4,gimp_drawable_stack_drawable_visible,3,0,0,0.1887,stack,5
5,dissect_papi_debug,1,0,0,0.1887,debug,5
1,revprop_generation_fixup,1,0,0,0.1875,fixup,3
3,checkWellFormedRecursion,1,0,0,0.1875,recursion,3
4,gimp_group_layer_suspend_resize,8,0,0,0.1875,suspend,3
2,fix_partition_values,1,0,0,0.1846,partition,3
5,dissect_swils_zone_obj,5,0,0,0.1846,obj,3
2,get_remaining,13,0,0,0.1844,remaining,4
5,strtoul,128,3,10,0.1824,strtoul,4
5,fragment_unhash,4,0,0,0.1822,un,5
5,dissect_cimd_operation,1,0,0,0.1822,operation,4
2,garbage_collect,1,0,0,0.1818,garbage,2
2,simple_pred,2,0,0,0.1818,pred,2
3,get_ts_template_oid,2,1,4,0.1818,ts,2
3,check_encoding_locale_matches,2,0,0,0.1818,matches,5
3,ExplainOnePlan,2,0,0,0.1818,plan,3
3,pq_set_nonblocking,5,0,0,0.1818,nonblocking,2
3,clean_fakeval,2,0,0,0.1818,fake,4
4,g_once_init_enter,507,0,0,0.1818,once,4
4,gtk_tool_item_set_visible_vertical,2,0,0,0.1818,vertical,2
5,g_assertion_message_expr,502,0,0,0.1818,expr,4
5,luaL_typerror,2,0,0,0.1818,typ,2
5,dissect_rsvp_confirm,1,0,0,0.1818,confirm,2
5,dissect_usb_midi_event,1,0,0,0.1818,midi,1
5,proto_register_srp,1,0,0,0.1818,srp,1
3,makeString,204,0,0,0.1812,make,5
3,heap_fill_tuple,5,0,0,0.1811,tuple,3
2,push_back,12,0,0,0.1807,back,5
5,proto_register_docsis_regack,1,0,0,0.1805,reg,3
5,dissect_aim_newconn,1,0,0,0.1798,conn,4
5,samr_dissect_enum_Role,2,0,0,0.1798,role,2
4,g_timer_stop,4,0,0,0.1795,stop,3
1,dav_svn__new_error,89,1,4,0.1794,dav,1
5,dissect_lb_conf,1,0,0,0.1791,conf,4
3,MultiXactGetCheckptMulti,1,0,0,0.1778,pt,2
5,md5_init,20,0,0,0.1778,md5,4
5,call_dissector_work_error,1,0,0,0.1778,work,4
5,proto_register_cmctrl_tlv,1,0,0,0.1765,cm,2
5,dissect_aim_keep_alive,1,0,0,0.1765,alive,3
5,dissect_set_mtime,1,0,0,0.1765,mtime,3
5,dissect_sflow_5_ethernet_frame,1,0,0,0.1765,5,2
2,One,6,0,0,0.1758,one,5
4,g_param_value_defaults,3,1,2,0.1758,defaults,4
2,die,3420,0,0,0.1754,die,2
3,IncrBufferRefCount,7,0,0,0.1739,refcount,2
3,xactGetCommittedInvalidationMessages,2,0,0,0.1739,committed,2
3,int64_to_numeric,2,0,0,0.1739,t64,4
4,g_strdup_vprintf,13,0,0,0.1739,vprintf,4
5,dissect_sock_diag_meminfo,4,0,0,0.1739,sock,4
5,buffer_init,8,0,0,0.1729,it,5
0,authz_dbd_login,2,0,0,0.1727,authz,1
3,smgrextend,9,0,0,0.1724,extend,5
3,performDeletion,15,0,0,0.1724,perform,5
4,g_intern_static_string,507,0,0,0.1724,static,2
5,proto_register_ayiya,1,0,0,0.1724,ya,2
3,abs,33,0,0,0.1719,abs,4
3,op_strict,4,0,0,0.1714,strict,3
4,gimp_image_arrange_objects,1,0,0,0.1714,objects,3
5,dissect_fcfcs_gpnl,1,0,0,0.1714,gp,1
3,_bt_start_array_keys,2,0,0,0.1707,keys,5
4,gimp_eevl_signed_factor,2,0,0,0.1702,signed,2
5,proto_register_opcua,1,0,0,0.1698,op,5
1,svn_hash_diff,2,0,0,0.1695,diff,4
3,ldexp,3,0,0,0.1695,exp,5
3,OutputFunctionCall,12,0,0,0.1688,function,4
2,pthread_getspecific,36,0,0,0.1685,specific,3
3,outzone,1,0,0,0.1678,out,5
5,emem_memory_usage,2,0,0,0.1678,mem,5
0,apr_hook_sort_register,62,0,0,0.1669,sort,5
2,clean,3,0,0,0.1667,clean,5
3,MemoryContextSwitchTo,744,0,0,0.1667,switch,5
4,iterate,2,0,0,0.1667,iterate,4
4,dlg_setup_gflare,1,0,0,0.1667,dlg,1
4,XcursorCommentsDestroy,2,0,0,0.1667,comments,3
5,proto_register_docsis_dbcack,1,0,0,0.1667,ack,1
5,configuration_error,12,0,0,0.1667,configuration,2
5,de_sm_qos,3,0,0,0.1667,sm,1
5,dissect_israeli_backward_charging_message,1,0,0,0.1667,backward,3
5,checkFIconsistency,1,0,0,0.1667,consistency,1
5,proto_register_pflog,1,0,0,0.1667,pf,1
1,apr_pool_clear,653,0,0,0.1661,pool,5
4,gtk_label_new,237,0,0,0.1656,label,5
2,check_date,12,2,6,0.1648,date,5
2,operator*,32,0,0,0.1636,operator,3
3,report_namespace_conflict,2,0,0,0.1635,conflict,3
4,gtk_ui_manager_set_add_tearoffs,2,0,0,0.1634,offs,1
5,dissect_answer_records,6,0,0,0.1633,records,2
3,convert,7,0,0,0.1628,convert,4
0,apr_hook_debug_show,62,0,0,0.1627,hook,2
2,close,60,0,0,0.1626,close,5
5,g_ascii_strdown,18,0,0,0.1617,ascii,4
3,colNameToVar,2,0,0,0.1616,var,4
4,export_action_perform,1,0,0,0.1611,action,4
4,_gimp_plugin_icon_register,1,0,0,0.1609,plugin,2
5,gsm_rr_csn_flag,260,3,6,0.1606,flag,5
2,escape_quotes_for_mysql,1,0,0,0.16,quotes,2
1,svn_error__malfunction,1053,0,0,0.1589,error,5
4,gtk_tree_view_new,2,0,0,0.1579,view,3
4,cos,205,0,0,0.1579,cos,3
5,proto_register_docsis,1,0,0,0.1579,proto,3
1,ap_show_mpm,1,0,0,0.1562,mpm,1
3,ciequal,1,0,0,0.1558,equal,5
3,heap_compute_data_size,9,2,4,0.155,heap,2
3,funcname_signature_string,2,0,0,0.1546,signature,5
0,ap_satisfies,1,0,0,0.1538,satisfies,2
1,move_into_place,8,0,0,0.1538,into,5
1,svn_cmdline__be_interactive,4,0,0,0.1538,interactive,2
4,random_control_point,5,0,0,0.1538,random,5
5,wimax_compact_dlmap_ie_decoder,1,0,0,0.1538,compact,2
5,wimax_sa_descriptor_decoder,1,0,0,0.1538,descriptor,2
5,aprs_latitude_compressed,1,0,0,0.1538,compressed,2
5,ipmi_register_app,1,0,0,0.1538,app,2
5,dissect_tlv_pw_grouping,1,0,0,0.1538,pw,2
5,fragment_add_seq,12,2,5,0.1529,seq,2
2,thd_non_transactional_update,1,0,0,0.1527,non,5
5,wimaxasncp_bits,3,0,0,0.1527,bits,4
4,gimp_debug_add_instance,2,0,0,0.1525,instance,3
4,warning_dialog,2,0,0,0.1525,warning,4
5,prefs_register_static_text_preference,48,0,0,0.1521,text,5
2,heap_extra,3,1,2,0.1519,extra,4
5,dissect_reload_framing_message,3,0,0,0.15,reload,3
5,dissect_nbap_RL_Information_RL_AdditionRqstTDD,1,0,0,0.15,addition,3
5,dissect_bss_max_idle_period,1,0,0,0.1491,max,5
1,svn_string_dup,42,0,0,0.1481,dup,5
3,extract_grouping_ops,7,0,0,0.1481,ops,4
4,gtk_spin_button_set_numeric,14,0,0,0.1481,numeric,4
5,pcap_set_rfmon,2,0,0,0.1481,mon,1
5,dissect_rnsap_Allowed_Rate_Information,1,0,0,0.1481,allowed,4
4,g_param_spec_boolean,392,0,0,0.1473,boolean,4
3,new_tail_cell,3,0,0,0.1471,tail,5
2,make_idle_row,2,0,0,0.1468,idle,4
3,tolower,27,0,0,0.1464,lower,5
0,round_up,10,0,0,0.1446,round,4
3,ExplainEndOutput,1,0,0,0.1446,output,5
5,dissect_dmp_content,1,0,0,0.1446,content,4
0,dbd_construct,1,0,0,0.1445,construct,5
5,col_setup,1,0,0,0.1442,setup,5
2,row_ins_must_modify_rec,2,0,0,0.1429,must,2
2,__dtrace_probe$mysql$insert__row__done$v1$696e74,1,0,0,0.1429,probe,2
3,StartRestoreBlobs,3,0,0,0.1429,blobs,1
5,free_if_capabilities,3,0,0,0.1429,capabilities,1
5,dissect_ARProperties,3,0,0,0.1429,ar,2
5,dissect_cfm_slr,1,0,0,0.1429,slr,1
5,dissect_kt_replication,1,0,0,0.1429,replication,2
5,add_charstring_tree,1,0,0,0.1422,char,5
4,g_malloc,1827,3,9,0.1421,malloc,5
5,HARQ_DL_MAP_IE,1,0,0,0.141,map,5
4,gimp_paint_core_set_last_coords,2,0,0,0.1404,last,5
5,dissect_rnsap_CN_CS_DomainIdentifier,1,0,0,0.1395,cs,2
3,ecpg_dynamic_type,4,0,0,0.1392,dynamic,3
3,NISortDictionary,1,0,0,0.1389,dictionary,3
4,normalize_coords,4,0,0,0.1385,normalize,3
1,apr_palloc,1279,0,0,0.1382,apr,2
5,asn1_stack_frame_push,6,0,0,0.1379,asn1,2
2,fts_retrieve_ranking,2,0,0,0.1376,retrieve,5
2,end_bulk_insert,1,0,0,0.1364,bulk,3
3,vacuum_delay_point,22,0,0,0.1364,delay,3
5,gcAttributes,2,0,0,0.1364,gc,3
4,gimp_image_width,37,3,11,0.1356,image,4
5,col_custom_prime_edt,4,0,0,0.1354,col,3
4,gimp_context_set_background,24,0,0,0.1348,background,2
3,OperatorUpd,1,0,0,0.1345,upd,2
3,compute_attributes_sql_style,1,1,4,0.1342,sql,2
4,p_init_gdrw,5,0,0,0.1339,rw,4
0,isxdigit,12,0,0,0.1333,isxdigit,2
3,gettimeofday,39,0,0,0.1333,gettimeofday,2
3,shdepAddDependency,2,0,0,0.1333,sh,2
5,cigi2_add_collision_detection_volume_definition,1,0,0,0.1333,volume,2
5,credentials,7,0,0,0.1333,credentials,1
5,dissect_ospf_lsa_opaque_ri,2,0,0,0.1328,ri,1
4,pixel_surround_fill_col,1,0,0,0.1326,fill,5
5,dissect_ansi_637_trans_param,1,0,0,0.1324,trans,4
5,fConfirmedPrivateTransferError,1,0,0,0.1316,transfer,5
3,objectsInSchemaToOids,1,0,0,0.1304,schema,3
4,gimp_tool_info_set_standard,2,0,0,0.1304,standard,3
4,V3_Dot,2,0,0,0.1304,dot,3
5,STC_Zone_IE,1,0,0,0.1304,zone,3
5,mtp3_pc_hash,20,0,0,0.13,hash,5
4,sqrt,195,0,0,0.129,sqrt,4
5,dissect_scop_zip,1,0,0,0.1283,zip,1
3,inzsub,2,0,0,0.1277,sub,5
5,tvb_memdup,82,0,0,0.1277,md,5
5,dissect_inap_FCIBillingChargingCharacteristics,1,0,0,0.1271,ap,2
5,dissect_nt_sec_desc,13,0,0,0.1255,desc,5
2,dict_stats_recalc_pool_init,1,0,0,0.125,recalc,2
2,ib_senderrf,62,0,0,0.125,rf,1
2,rec_set_n_owned_new,9,0,0,0.125,owned,1
2,overlaps,1,0,0,0.125,overlaps,1
2,register_where_subquery,1,0,0,0.125,where,1
3,SS_replace_correlation_vars,1,0,0,0.125,replace,5
4,export_dialog,1,0,0,0.125,export,4
4,gimp_data_directory,17,0,0,0.125,directory,5
4,pango_fc_font_unlock_face,1,0,0,0.125,face,1
5,dissect_cfdp_fault_location_tlv,1,0,0,0.125,fault,1
5,dissect_digit_signal,1,0,0,0.125,digit,3
5,add_attribute,3,0,0,0.1239,attribute,2
5,mate_gop_tree,2,0,0,0.1238,tree,5
5,dissect_dcd_down_classifier,1,0,0,0.1233,down,3
4,gimp_projectable_invalidate,3,0,0,0.1231,able,4
5,dissect_artnet_mac_slave,1,0,0,0.1223,slave,1
4,gimp_coords_direction,2,0,0,0.1212,direction,2
4,jpeg_destroy_decompress,11,0,0,0.1212,decompress,4
0,ap_replace_stderr_log,1,0,0,0.121,stderr,3
5,lua_typename,35,0,0,0.1209,typename,1
3,elog_start,2542,0,0,0.1207,log,5
2,stop_handle_manager,1,0,0,0.1201,manager,3
5,dmp_dec_dtg,1,0,0,0.12,dec,3
5,f_k,6,0,0,0.12,k,3
1,wclock_steal,2,0,0,0.1194,steal,2
3,AssignTypeArrayOid,4,0,0,0.119,assign,3
5,dissect_MrpRTMode,2,0,0,0.119,mode,5
5,dissect_tn5250_ra_data,3,0,0,0.1186,ra,1
2,short_usage_sub,2,0,0,0.1185,short,5
1,escape_blanks,2,0,0,0.1176,blanks,2
1,subtract_anchor,10,0,0,0.1176,anchor,2
2,yaEVP_des_ede3_cbc,3,0,0,0.1176,evp,2
3,scanner_yyerror,6,0,0,0.1176,scanner,3
5,sha1_starts,7,0,0,0.1176,sha1,3
5,drsuapi_dissect_DsBindInfo28_repl_epoch,1,0,0,0.1176,epoch,2
5,dissect_ranap_CN_DeactivateTrace,1,0,0,0.1176,deactivate,1
4,gtk_size_group_new,44,0,0,0.117,group,5
5,dissect_artnet_trigger,1,0,0,0.1163,trigger,2
3,pthread_mutex_unlock,8,0,0,0.1162,pthread,2
4,gtk_widget_queue_draw,127,0,0,0.1159,queue,5
0,emit_preamble,3,0,0,0.1154,preamble,1
4,ftell,82,2,4,0.1154,ftell,3
4,gimp_channel_combine_ellipse_rect,3,0,0,0.1154,combine,3
4,tile_manager_duplicate,2,0,0,0.1143,duplicate,4
5,fObjectIdentifier,38,3,6,0.1132,identifier,3
2,reset,247,0,0,0.1128,reset,5
4,g_signal_handlers_disconnect_matched,275,0,0,0.1126,signal,5
4,gimp_dockable_set_tab_style,3,0,0,0.1121,tab,3
5,ftap_register_plugin_types,1,0,0,0.1119,f,5
5,ptvcursor_free_subtree_levels,1,0,0,0.1116,cursor,3
3,infix,5,0,0,0.1114,fix,5
1,svn_wc_revert3,2,0,0,0.1111,revert,2
2,negate_expression,5,0,0,0.1111,expression,3
3,bounds_adjacent,3,0,0,0.1111,bounds,3
3,r_mark_sUnUz,3,0,0,0.1111,sun,1
5,g_strndup,78,0,0,0.1111,nd,3
5,g_string_sized_new,5,0,0,0.1111,sized,2
4,gimp_show_tool_tips,1,0,0,0.1103,show,5
5,dissect_POINT32,6,0,0,0.1098,point,4
5,dissect_nbap_ShutdownTimer,1,0,0,0.1096,shutdown,4
4,g_object_set_data,293,0,0,0.1095,data,5
3,format_type_be,265,0,0,0.1091,be,4
5,g_strconcat,24,0,0,0.1091,str,5
1,svn_dirent_basename,71,0,0,0.1084,basename,3
2,set_current,14,0,0,0.1084,current,5
5,yyensure_buffer_stack,4,0,0,0.1082,ensure,5
5,dissect_iuup_payload,2,0,0,0.108,up,5
5,dissect_eigrp_multi_protocol_tlv,1,0,0,0.1079,multi,5
5,dissect_spice_keyboard_modifiers,3,0,0,0.1071,keyboard,1
0,decodeenc,5,0,0,0.1067,enc,3
5,unescape_data,1,0,0,0.1064,unescape,5
1,move_fragment,2,0,0,0.1061,fragment,2
2,vio_ok,17,0,0,0.1059,ok,3
4,gimp_composite_mode_astext,3,0,0,0.1056,as,5
2,btr_page_insert_fits,2,0,0,0.1053,fits,1
5,dissect_comrej,2,0,0,0.1053,com,1
5,dissect_http2_goaway,1,0,0,0.1053,away,1
2,setSlaveEnabled,2,0,0,0.1047,enabled,3
3,ReleaseBuffer,98,0,0,0.1038,buffer,5
4,gimp_drawable_mask_bounds,56,1,2,0.1036,mask,4
3,pg_tzenumerate_start,1,0,0,0.1034,enumerate,3
5,wslua_setfuncs,61,0,0,0.1034,funcs,3
2,outer_select,34,0,0,0.1017,outer,3
5,dissect_display_switch,1,0,0,0.1017,display,5
2,mem_heap_zalloc,41,0,0,0.1003,z,3
3,rt_box_union,1,0,0,0.1,union,3
3,rebuild_relation,1,0,0,0.1,rebuild,3
4,desaturate_region_average,1,0,0,0.1,average,1
4,gimp_pdb_new,1,0,0,0.1,pdb,1
4,gimp_vectors_compat_new,2,0,0,0.1,compat,4
4,polygon_extents,5,0,0,0.1,extents,1
5,dissect_nhdr_ume_pser,1,0,0,0.1,ser,1
5,dissect_nfs4_devices,1,0,0,0.1,devices,1
5,dissect_lcsap_E_CGI,1,0,0,0.1,cgi,1
4,gimp_component_editor_new,1,0,0,0.0994,component,3
3,_bt_killitems,4,0,0,0.0993,kill,5
4,fabs,193,2,6,0.0992,fabs,3
2,add_edge_buffer,4,0,0,0.0984,edge,2
3,forget_invalid_pages,2,0,0,0.0984,pages,2
2,mbr_join_square,3,0,0,0.0981,join,5
3,MemoryContextReset,90,0,0,0.098,context,5
4,gimp_drawable_offsets,35,4,12,0.098,offsets,3
3,stringzone,1,0,0,0.0977,string,5
2,exterior_ring,1,0,0,0.0976,ring,2
2,set_field_ulong,7,0,0,0.0964,ulong,2
3,setup_bin_paths,1,0,0,0.0964,paths,4
0,apr_pstrcatv,5,0,0,0.0959,tv,1
1,svn_dirent_dirname,145,0,0,0.0957,dirname,3
2,ch_resizefun,2,0,0,0.0952,fun,1
3,add_exact_object_address_extra,1,0,0,0.0952,exact,2
2,vemit_tap,3,0,0,0.094,tap,1
3,__builtin_object_size,3120,0,0,0.0939,size,5
0,proxy_vars,3,0,0,0.0938,vars,3
5,g_realloc,33,0,0,0.0933,realloc,4
3,strerror_r,2,0,0,0.0928,r,5
2,init_archive_writer,1,0,0,0.0926,archive,2
5,dissect_pn_oid,2,0,0,0.0918,oid,1
4,gimp_drawable_update,149,0,0,0.0916,update,5
5,dissect_spi_loi_vals,2,0,0,0.0914,spi,1
2,intersect,19,0,0,0.0909,intersect,3
2,deallocate,3,0,0,0.0909,deallocate,1
3,array_delimiter,3,0,0,0.0909,delimiter,2
4,png_set_packing,2,0,0,0.0909,png,1
5,dissect_DHPart,2,0,0,0.0909,part,5
5,add_selection,1,0,0,0.0901,selection,2
3,BackgroundWriterMain,1,0,0,0.0892,writer,3
2,add_compiled_collation,160,0,0,0.0882,collation,1
3,longest,8,0,0,0.0882,longest,3
4,gimp_temporary_procedure_new,1,0,0,0.0874,temporary,3
5,yy_delete_buffer,2,0,0,0.0872,delete,5
5,gcp_trx,5,0,0,0.0872,trx,1
2,dynstr_append_mem,112,1,4,0.087,dyn,4
1,svn_magic__init,2,0,0,0.0857,magic,3
4,gtk_widget_set_double_buffered,3,0,0,0.0857,buffered,3
5,selected,2,0,0,0.0857,selected,2
2,ut_dbg_assertion_failed,2180,0,0,0.0851,failed,4
2,grab_event,1,0,0,0.0849,event,4
5,epan_set_always_visible,3,0,0,0.0844,visible,3
5,dissect_rdm_pd_factory_defaults,1,0,0,0.0844,factory,2
4,gimp_rectangle_tool_keep_inside_horizontally,2,0,0,0.0833,inside,2
5,MIMO_DL_Enhanced_IE,1,0,0,0.0833,dl,1
5,dissect_mip6_hot,1,0,0,0.0833,hot,3
5,dissect_rpl_container,2,0,0,0.0833,rpl,1
5,unpack_digitech_message,1,0,0,0.0833,unpack,2
4,prefs_widget_add_aligned,6,0,0,0.083,aligned,4
3,gist_box_leaf_consistent,1,0,0,0.0822,leaf,2
4,gimp_perspective_clone_tool_recalc_matrix,3,0,0,0.082,clone,5
2,Final,25,0,0,0.0816,final,4
2,prompt_init,1,0,0,0.0811,prompt,3
3,ISO8601IntegerWidth,4,0,0,0.0801,width,4
2,opening_bracket,1,0,0,0.08,opening,1
4,gimp_procedure_add_return_value,504,0,0,0.08,return,5
5,dissect_headers,1,0,0,0.08,headers,3
5,dissect_ndr_toplevel_pointer,869,0,0,0.08,toplevel,2
3,ReleasePredXact,3,0,0,0.0794,release,5
5,cba_frame_disconnectme,1,0,0,0.0791,me,4
3,DeadLockReport,1,0,0,0.0789,deadlock,1
5,oids_cleanup,2,0,0,0.0789,oids,1
4,gimp_channel_push_undo,17,0,0,0.0785,undo,1
2,agg_item_collations,2,0,0,0.0781,agg,1
3,errmsg,4325,0,0,0.0779,errmsg,3
3,lose_s,4,0,0,0.0775,s,5
4,gimp_context_set_tool,15,0,0,0.0769,tool,1
5,dissect_cmip_AdditionalInformation,1,0,0,0.0769,additional,2
4,gtk_frame_new,83,0,0,0.0763,frame,3
4,gimp_context_set_foreground,26,0,0,0.076,set,5
5,dissect_p22_CirculationMember,1,0,0,0.0756,member,2
5,dissect_lbmr_remote_domain_route,1,0,0,0.0755,remote,4
3,box_cn,4,0,0,0.075,cn,1
5,dissect_fcfzs_azsd,1,0,0,0.075,az,1
1,sasl_done,2,0,0,0.0746,done,5
3,__builtin___memset_chk,712,0,0,0.0733,in,5
1,drive_ev1_props,3,0,0,0.0732,props,3
2,fputs,477,0,0,0.0731,fputs,5
2,sleep,18,0,0,0.0727,sleep,4
4,emitgimp,1,0,0,0.0727,emit,4
5,yyrestart,2,0,0,0.072,yy,4
2,aggregate,75,0,0,0.0714,aggregate,2
2,set_creation_ctx,2,0,0,0.0714,creation,2
3,parsetinterval,1,0,0,0.0714,par,2
4,__builtin_va_end,73,0,0,0.0714,end,5
4,gimp_scrolled_preview_freeze,4,0,0,0.0714,freeze,3
4,g_object_notify,215,0,0,0.0709,notify,5
3,inline_set_returning_functions,2,0,0,0.0707,inline,3
5,call_dissector,1374,0,0,0.0707,call,4
2,idx_cond_push,2,0,0,0.0706,idx,2
2,init_variables,2,0,0,0.0702,variables,2
3,mutate_eclass_expressions,1,0,0,0.0701,e,5
1,repair_timestamps,2,0,0,0.0698,repair,3
3,GrantRole,1,0,0,0.0698,grant,2
1,escape_errorlog_item,1,0,0,0.069,errorlog,2
5,asterix_bit,1,0,0,0.068,bit,3
4,gimp_message_literal,119,0,0,0.0679,message,4
2,thd_security_context,2,0,0,0.0678,security,2
1,__assert_rtn,191,0,0,0.0667,assert,5
5,dissect_nfs3_cookie_verf,4,0,0,0.0667,cookie,1
5,dissect_osd_formatted_capacity,1,0,0,0.0667,capacity,1
5,dissect_ranap_ForwardSRNS_Context,1,0,0,0.0667,forward,3
3,show_upper_qual,11,0,0,0.0658,upper,5
2,alloc_statements_slice,3,0,0,0.0652,statements,3
3,palloc,1334,2,8,0.0649,alloc,5
5,dissect_sec_assoc,1,0,0,0.0645,sec,3
5,tvb_new,6,0,0,0.0643,new,5
3,pstrdup,527,14,56,0.064,p,5
5,push_settings,1,0,0,0.064,settings,4
5,dissect_admpdu,1,0,0,0.0631,adm,1
3,bit_catenate,3,0,0,0.0625,cate,1
4,gimp_device_editor_add_device,1,0,0,0.0625,device,1
4,selection_toggle_visibility,1,0,0,0.0625,visibility,1
5,dissect_ntlmssp_payload_only,1,0,0,0.0625,only,4
4,gfig_paint_callback,20,0,0,0.0622,callback,5
2,bi_reverse,1,0,0,0.062,reverse,4
2,disable_binlog,1,0,0,0.062,disable,4
5,dissect_type_bitmap,3,0,0,0.062,bitmap,4
5,dissector_add_uint,4397,0,0,0.0617,add,5
5,exit_main,20,0,0,0.0608,main,5
4,preview_unset_tmp_obj,4,0,0,0.0606,tmp,5
5,dissect_dcerpc_dg_cancel,1,0,0,0.0606,cancel,4
3,core_yylex,4,0,0,0.0602,core,4
3,addBoundaryDependencies,1,0,0,0.06,boundary,3
4,gimp_eevl_term,2,0,0,0.0599,term,5
5,prefs_register_enum_preference,138,0,0,0.0596,enum,4
4,ifs_compose_dialog,1,0,0,0.0593,compose,1
1,__builtin___strcat_chk,2,0,0,0.059,strcat,5
2,set_quick,20,0,0,0.0588,quick,3
4,g_value_unset,77,0,0,0.0587,value,5
4,gimp_text_style_editor_new,2,0,0,0.0583,style,3
5,dissect_a21_mobile_identity,1,0,0,0.0581,identity,5
5,csm_fc,1,0,0,0.0571,fc,2
4,g_param_spec_double,543,0,0,0.057,double,4
4,gimp_text_layout_position,1,0,0,0.0566,position,3
2,CleanUp,1,0,0,0.0564,cleanup,5
5,lua_pushvalue,29,0,0,0.0561,push,5
5,dissect_qpi_loi_vals,2,0,0,0.0561,vals,2
5,dissect_p1_mts_apdu,1,0,0,0.0556,mts,1
5,mpa_samples,3,0,0,0.0556,samples,1
4,g_param_spec_pointer,10,0,0,0.0549,param,4
4,rint,212,0,0,0.0548,rint,2
5,gen_relation,9,0,0,0.0542,relation,1
2,hist_init,1,0,0,0.0541,hist,2
5,netlogon_dissect_DOMAIN_TRUST_ATTRIBS,2,0,0,0.0527,domain,4
2,pop_front,2,0,0,0.0521,pop,5
5,dissect_h263_picture_layer,3,0,0,0.0521,layer,2
2,gen_codes,1,0,0,0.0519,gen,4
2,abort,2202,0,0,0.0519,abort,5
5,g_slice_free1,49,0,0,0.0517,1,5
2,set_after,63,0,0,0.0513,after,4
4,gtk_wrap_box_pack,4,0,0,0.0513,pack,3
2,equals,3,0,0,0.0508,equals,3
5,atom,23,0,0,0.0508,atom,3
5,location,4,0,0,0.0505,location,5
0,proxy_wstunnel_transfer,2,0,0,0.05,ws,1
1,vbindf,1,0,0,0.05,df,1
2,lf_pinbox_destroy,1,0,0,0.05,pin,2
4,g_snprintf,140,0,0,0.0498,snprintf,5
5,g_strdup_printf,464,1,3,0.0498,strdup,5
2,push_numerical_conversion_warning,3,0,0,0.0492,conversion,2
2,fts_ast_term_set_distance,2,0,0,0.0488,distance,2
4,gtk_widget_add_events,32,0,0,0.0488,events,4
3,increment_overflow,8,0,0,0.0484,overflow,3
3,MarkPortalFailed,7,1,2,0.0483,mark,4
5,dissect_eigrp_general_tlv,1,0,0,0.0482,general,2
5,dissect_nhdr_umq_ka_rcv,1,0,0,0.0465,rcv,1
0,place,3,0,0,0.0463,place,5
5,dissect_dcom_dcerpc_pointer,99,0,0,0.0458,pointer,4
2,strmov_overlapp,4,0,0,0.0455,overlap,2
5,clear_outstanding_Pinfo,2,0,0,0.0455,clear,5
5,dissect_cyclic_rd,1,0,0,0.0455,rd,3
5,dissect_fmp_timeval,4,0,0,0.0455,timeval,1
3,_yconv,5,0,0,0.0444,conv,3
4,gdk_event_triggers_context_menu,17,0,0,0.0444,triggers,4
2,grab_fname,1,0,0,0.0442,grab,2
1,fuzzy_escape,2,0,0,0.0435,escape,5
2,putenv,1,0,0,0.0435,putenv,1
3,spgRedoMoveLeafs,1,0,0,0.0435,redo,1
5,label_mark_truncated,4,0,0,0.0435,truncated,1
5,dissect_http_ntlmssp,1,0,0,0.0426,http,1
5,dissect_notif,1,0,0,0.0426,not,4
5,dissect_atm_cell,2,0,0,0.0425,cell,3
2,strxnmov,25,0,0,0.0418,st,2
3,bms_singleton_member,8,0,0,0.0417,singleton,2
5,dissect_sdp_timezone,1,0,0,0.0417,timezone,1
2,set_transport_ptr,1,0,0,0.0413,ptr,5
4,gtk_box_new,709,1,3,0.0412,box,4
3,CommentObject,1,0,0,0.0408,comment,4
4,g_free,3430,1,4,0.0397,g,4
5,printf,618,0,0,0.0393,printf,5
5,spotlight_float,1,0,0,0.0393,float,3
3,moveLeafs,1,0,0,0.0391,move,5
3,okcolors,3,0,0,0.0388,colors,1
3,CatalogCacheIdInvalidate,1,0,0,0.0385,catalog,1
3,format_procedure,9,0,0,0.0377,procedure,3
4,gdk_pixbuf_composite_color,3,0,0,0.0377,composite,2
5,wimax_service_flow_encodings_decoder,9,0,0,0.037,service,1
5,dissect_ctrl_pn,1,0,0,0.0364,ctrl,1
5,dissect_acp133_JPEG,1,0,0,0.036,jpeg,1
5,dissect_per_boolean,81,0,0,0.0351,per,4
2,val_str,290,0,0,0.0349,val,5
4,prefs_color_button_add,1,0,0,0.0346,prefs,2
5,dfw_append_const,1,0,0,0.0337,const,3
1,keyword_printf,9,0,0,0.0336,keyword,2
2,add_xy,2,0,0,0.0331,xy,1
3,closerel,6,0,0,0.0331,el,4
5,dissect_nfs4_layoutreturn,1,0,0,0.033,layout,1
5,dissect_broadcast_phone,1,0,0,0.0328,broadcast,2
5,dissect_x509sat_Guide,1,0,0,0.0327,guide,1
5,SoEIdToString,1,0,0,0.0311,tostring,1
2,fprintf,2293,1,4,0.031,fprintf,5
5,cops_userid,1,0,0,0.03,userid,1
2,pars_assignment_statement,1,0,0,0.0299,assignment,2
5,g_sprintf,5,0,0,0.0299,sprintf,5
5,dfw_append_insn,11,0,0,0.0294,append,5
4,gtk_drag_source_unset,5,0,0,0.029,unset,4
4,fputc,63,0,0,0.029,fputc,4
3,exit,401,0,0,0.028,exit,5
4,gimp_dnd_viewable_source_add,3,0,0,0.0275,source,4
5,dissect_rdm_pd_capture_preset,1,0,0,0.0267,preset,1
5,dissect_dcm_assoc_detail,2,0,0,0.0265,detail,2
5,dissect_printer_attributes,2,0,0,0.0263,attributes,4
4,fnmatch_intern,2,0,0,0.0256,intern,1
3,quote_identifier,92,0,0,0.0255,quote,4
5,dissect_dcom_this,45,0,0,0.0242,this,3
3,ChoosePortalStrategy,2,0,0,0.0241,strategy,2
3,appendCSVLiteral,12,0,0,0.0238,literal,3
5,dissect_ChannelProperties,3,0,0,0.0232,channel,1
5,dissect_artnet_video_palette,1,0,0,0.0227,palette,1
4,gimp_tile_ref,15,0,0,0.0226,ref,4
3,lo_ntoh64,2,0,0,0.0219,ntoh64,1
3,free_statement,6,0,0,0.0214,statement,2
5,dissect_aruba_erm_pcap_radio,1,0,0,0.0209,radio,2
4,object_unref,20,0,0,0.0207,object,5
2,alloc_waits_slice,3,0,0,0.0204,slice,4
4,gimp_editor_add_button,21,0,0,0.0199,editor,2
2,ut_strlcpy,1,0,0,0.0192,strlcpy,3
5,dissect_cmip_TrendIndication,1,0,0,0.0192,trend,1
2,parent,5,0,0,0.0189,parent,5
4,free,31,0,0,0.0186,free,5
5,dissect_Brush,3,0,0,0.0184,brush,1
5,dissect_ranap_InterSystemInformation_TransparentContainer_PDU,1,0,0,0.0173,container,2
2,ShowTCP,3,0,0,0.0169,tcp,1
4,pixel_regions_register,65,0,0,0.0165,register,5
5,dissect_SASrelay,1,0,0,0.0152,relay,1
2,multipleProtocol,1,0,0,0.0149,protocol,3
5,dissect_dfs_referral_strings,2,0,0,0.0143,strings,5
5,Matewrap,1,0,0,0.0141,wrap,3
3,_bt_binsrch,4,0,0,0.0139,bin,3
4,gimp_wire_destroy,14,0,0,0.0138,destroy,5
5,dissect_unit,1,0,0,0.0129,unit,2
5,dissect_bt_dht,1,0,0,0.0118,bt,1
2,btr_cur_latch_leaves,3,0,0,0.0112,latch,1
2,propagate_cond_constants,1,0,0,0.0112,propagate,1
5,draw_tap_listeners,2,0,0,0.0107,draw,1
1,walker_helper,4,0,0,0.0085,walker,2
3,histogram_selectivity,1,0,0,0.0085,histogram,2
3,colorcomplement,2,0,0,0.0084,color,3
1,svn_skel__prepend,42,0,0,0.0076,prepend,3
5,order,3,0,0,0.0074,order,3
5,cops_mm_gate_spec,1,0,0,0.0065,spec,2
5,dissect_dch_timing_adjustment,1,0,0,0.0064,adjustment,1
4,gimp_selection_none,10,0,0,0.0055,none,4
4,fits_nan_32,2,0,0,0.0052,32,4
2,cv_undo,15,0,0,0.005,cv,1
5,register_tap_listener_gtkfunnel,1,0,0,0.0037,gtk,1
2,gf2_matrix_times,3,0,0,0.0032,matrix,1
3,subset,1,0,0,0.0032,subset,2
3,cbrdissect,1,0,0,0.0026,dissect,1
5,funnel_register_menu,1,0,0,0.0014,menu,1
5,dissect_bssap_MM_information,1,0,0,0.001,mm,3
5,zebra_interface,1,0,0,0.0008,interface,1
1,libintl_dgettext,2233,0,0,0.0002,libintl,1
0,getrlimit,1,0,0,0,getrlimit,2
0,semctl,1,0,0,0,semctl,1
0,sigprocmask,1,0,0,0,sigprocmask,3
0,qsort,15,0,0,0,qsort,5
0,freopen,1,0,0,0,freopen,2
0,cpystrn,12,0,0,0,cpy,5
0,syslog,1,0,0,0,syslog,2
0,usage,48,0,0,0,usage,5
0,isalnum,17,0,0,0,isalnum,2
0,c2x,6,0,0,0,c2x,1
0,times,1,0,0,0,times,2
0,perror,3,0,0,0,perror,4
0,copyright,2,0,0,0,copyright,4
0,execl,1,0,0,0,execl,1
0,crc32,7,0,0,0,crc32,3
0,umask,2,0,0,0,umask,3
1,svn_txdelta2,11,0,0,0,svn,1
1,adler32,1,0,0,0,adler32,2
1,setvbuf,2,0,0,0,setvbuf,1
1,CFRelease,9,0,0,0,cfrelease,1
1,ui64toa_sep,3,0,0,0,sep,2
1,eol_unchanged,1,0,0,0,eol,1
1,relevant,3,0,0,0,relevant,2
1,fail,107,0,0,0,fail,4
1,blame_adjust,2,0,0,0,adjust,4
1,reconcile_errors,1,0,0,0,errors,4
1,reject_hunk,4,0,0,0,reject,2
1,blank_ibb,8,0,0,0,blank,3
1,launch_resolver,1,0,0,0,launch,1
1,ioctl,1,0,0,0,ioctl,3
1,insufficient,7,0,0,0,insufficient,1
1,replay_revisions,1,0,0,0,replay,2
1,longjmp,1,0,0,0,longjmp,4
1,calibrate_iterations,2,0,0,0,calibrate,1
1,repo_wc_copies,1,0,0,0,repo,1
1,fwrite,1,0,0,0,fwrite,4
1,absent_helper,2,0,0,0,absent,1
1,interpolate,3,0,0,0,interpolate,2
2,gzread,3,0,0,0,gzread,2
2,strerror,52,0,0,0,strerror,5
2,clearerr,3,0,0,0,clearerr,3
2,bi_windup,2,0,0,0,bi,4
2,memcpy,1129,0,0,0,memcpy,5
2,swap,45,0,0,0,swap,4
2,What,35,0,0,0,what,1
2,GetHash,3,0,0,0,gethash,1
2,front,4,0,0,0,front,3
2,GetName,10,0,0,0,getname,2
2,Sign,1,0,0,0,sign,2
2,TLS_hmac,8,0,0,0,tls,1
2,hmac,9,0,0,0,hmac,2
2,memset,617,0,0,0,memset,5
2,CreateObject,4,0,0,0,createobject,1
2,rewind,24,0,0,0,rewind,4
2,opendir,4,0,0,0,opendir,1
2,strncat,3,0,0,0,strncat,2
2,lowResTimer,3,0,0,0,timer,3
2,erase,8,0,0,0,erase,3
2,strnmov,54,0,0,0,strn,3
2,Inverse,2,0,0,0,inverse,1
2,Subtract,40,0,0,0,subtract,3
2,Multiply,29,0,0,0,multiply,1
2,DivisionAlgorithm,1,0,0,0,algorithm,1
2,Accumulate,6,0,0,0,accumulate,2
2,resize,7,0,0,0,resize,1
2,CascadeScalarMultiply,1,0,0,0,scalar,4
2,SetSize,2,0,0,0,setsize,1
2,grow,2,0,0,0,grow,4
2,rotrFixed,528,0,0,0,fixed,4
2,pow,5,0,0,0,pow,3
2,Decrement,6,0,0,0,decrement,2
2,Increment,10,0,0,0,increment,5
2,Square,2,0,0,0,square,1
2,LinearMultiply,2,0,0,0,linear,3
2,AsymmetricMultiply,2,0,0,0,asymmetric,1
2,PositiveMultiply,1,0,0,0,positive,2
2,Negate,4,0,0,0,negate,2
2,Randomize,2,0,0,0,randomize,1
2,Crop,1,0,0,0,crop,2
2,Zero,8,0,0,0,zero,4
2,Divide,5,0,0,0,divide,1
2,Squared,1,0,0,0,squared,1
2,AlmostInverse,2,0,0,0,almost,1
2,CRT,1,0,0,0,crt,1
2,tty_stty,2,0,0,0,tty,1
2,vis,1,0,0,0,vis,2
2,strcoll,1,0,0,0,strcoll,1
2,waitpid,3,0,0,0,waitpid,3
2,fcntl,15,0,0,0,fcntl,1
2,sig_clr,1,0,0,0,sig,4
2,ed_redisplay,1,0,0,0,ed,3
2,ha_statistic_increment,55,0,0,0,statistic,1
2,memmove,36,0,0,0,memmove,5
2,hp_panic,4,0,0,0,hp,1
2,rnd,11,1,3,0,rnd,4
2,ut_strcpy,1,0,0,0,ut,2
2,ib_trx_rollback,1,0,0,0,ib,1
2,strcpy,48,0,0,0,strcpy,5
2,fts0brestart,2,0,0,0,restart,4
2,fts_lexer,1,0,0,0,lexer,1
2,innobase_rollback_trx,2,0,0,0,rollback,2
2,munmap,5,0,0,0,munmap,2
2,sched_yield,2,0,0,0,sched,1
2,yyerror,2,0,0,0,yyerror,2
2,putchar,69,0,0,0,putchar,2
2,vfprintf,24,0,0,0,vfprintf,3
2,ceil,11,0,0,0,ceil,3
2,sum_waits,6,0,0,0,sum,2
2,pfs_automated_sizing,1,0,0,0,sizing,1
2,visit_account,8,0,0,0,account,1
2,visit_cond,3,0,0,0,cond,3
2,visit_instances,1,0,0,0,instances,1
2,materialize,1,0,0,0,materialize,1
2,diag,17,0,0,0,diag,3
2,thd_enter_cond,1,0,0,0,enter,2
2,decimal_round,2,0,0,0,decimal,2
2,floor,17,0,0,0,floor,3
2,Balloc,10,0,0,0,ball,1
2,mult,5,0,0,0,mult,2
2,ulp,5,0,0,0,ulp,1
2,quorem,2,0,0,0,rem,2
2,yaBN_bin2bn,2,0,0,0,y,3
2,categorize,1,0,0,0,categorize,2
2,mcinvert,1,0,0,0,mc,3
2,nch,1,0,0,0,nch,1
2,bothcases,1,0,0,0,both,1
2,enlarge,2,0,0,0,enlarge,2
2,regress,3,0,0,0,regress,1
2,chmod,3,0,0,0,chmod,2
2,setrlimit,3,0,0,0,setrlimit,1
2,alarm,8,0,0,0,alarm,2
2,lstat,1,0,0,0,lstat,1
2,strlcat,1,0,0,0,strlcat,2
2,getsockname,1,0,0,0,getsockname,1
2,dlclose,9,0,0,0,dlclose,1
2,dlerror,4,0,0,0,dlerror,1
2,gcs,1,0,0,0,gcs,1
2,raise,1,0,0,0,raise,3
2,bug31418_impl,3,0,0,0,impl,2
2,strpbrk,1,0,0,0,strpbrk,2
2,shrink,5,0,0,0,shrink,2
2,instructions,32,0,0,0,instructions,2
2,neg,2,0,0,0,neg,2
2,takeover,1,0,0,0,takeover,1
2,invalidate,34,0,0,0,invalidate,5
2,maximum,3,0,0,0,maximum,3
2,minimum,7,0,0,0,minimum,2
2,ha_discover,2,0,0,0,discover,2
2,choose_mrr_impl,2,0,0,0,choose,5
2,total_cost,21,0,0,0,total,3
2,gai_strerror,2,0,0,0,gai,2
2,derivation,1,0,0,0,derivation,1
2,cols,45,0,0,0,cols,3
2,traverse_cond,2,0,0,0,traverse,2
2,fmod,1,0,0,0,fmod,3
2,initialized,1,0,0,0,initialized,1
2,envelope,1,0,0,0,envelope,2
2,within,1,0,0,0,within,1
2,lb,2,0,0,0,lb,1
2,rb,1,0,0,0,rb,2
2,rt,1,0,0,0,rt,2
2,calculate_perpendicular,3,0,0,0,calculate,4
2,dimension,2,0,0,0,dimension,1
2,SHA256,1,0,0,0,sha256,1
2,seed,2,0,0,0,seed,5
2,exclude,1,0,0,0,exclude,3
2,assigned,11,0,0,0,assigned,2
2,uses_materialization,15,0,0,0,uses,1
2,ram_limitation,3,0,0,0,limitation,1
2,year_2000_handling,3,0,0,0,year,2
2,nb_elements,3,0,0,0,nb,1
2,redirect_std_streams,1,0,0,0,redirect,3
2,lldiv_t2my_decimal,3,0,0,0,ll,2
2,shallow_explain,3,0,0,0,shallow,1
2,explain_subqueries,1,0,0,0,explain,2
2,cacheable,6,0,0,0,cacheable,1
2,issue_unsafe_warnings,3,0,0,0,issue,1
2,hostname_requires_resolving,6,0,0,0,hostname,3
2,avg,1,0,0,0,avg,2
2,std,1,0,0,0,std,3
2,unbind_psi,2,0,0,0,unbind,1
2,rebind_psi,2,0,0,0,rebind,1
2,placeholder,13,0,0,0,placeholder,1
2,memorize_variant_topic,2,0,0,0,memorize,1
2,simplify_joins,1,0,0,0,simplify,2
2,members,2,0,0,0,members,4
2,subquery_allows_materialization,1,0,0,0,subquery,1
2,reap_plugins,6,0,0,0,reap,1
2,collect,2,0,0,0,collect,4
2,servers_reload,2,1,4,0,servers,2
2,chop,5,0,0,0,chop,1
2,recalculate_activation_times,1,0,0,0,activation,1
2,disconnect,1,0,0,0,disconnect,3
2,getppid,1,0,0,0,getppid,1
3,pg_qsort,64,0,0,0,pg,1
3,_fmt,11,0,0,0,fmt,2
3,adjleap,1,0,0,0,adj,1
3,associate,1,0,0,0,associate,1
3,nocachegetattr,190,2,6,0,nocache,1
3,gistGetParent,1,0,0,0,getparent,1
3,_h_spool,1,0,0,0,h,3
3,forget_matching_deletion,1,0,0,0,forget,1
3,CLOGShmemBuffers,3,0,0,0,buffers,3
3,reschedule_timeouts,2,0,0,0,reschedule,1
3,WalSndWakeup,8,0,0,0,wal,1
3,tas,129,2,4,0,tas,1
3,OwnLatch,5,0,0,0,own,1
3,DisownLatch,5,0,0,0,disown,2
3,boot_yylex,1,0,0,0,boot,2
3,EnableCatchupInterrupt,3,0,0,0,enable,5
3,pq_getbytes,9,4,16,0,pq,1
3,contain_volatile_functions,30,0,0,0,functions,3
3,InstrEndLoop,3,0,0,0,instr,2
3,AlterConstraintNamespaces,3,0,0,0,alter,3
3,xmlelement,1,0,0,0,xmlelement,1
3,fireBSTriggers,1,0,0,0,bs,1
3,recvfrom,1,0,0,0,recvfrom,1
3,unsetenv,24,0,0,0,unsetenv,1
3,spread_chromo,1,0,0,0,spread,1
3,bms_membership,12,0,0,0,membership,1
3,restriction_selectivity,3,0,0,0,restriction,1
3,cost_rescan,1,0,0,0,cost,2
3,preprocess_phv_expression,1,0,0,0,preprocess,2
3,deconstruct_recurse,10,0,0,0,recurse,2
3,grouping_planner,2,0,0,0,grouping,1
3,predicate_classify,4,0,0,0,predicate,1
3,btree_predicate_proof,2,0,0,0,btree,1
3,IpcSemaphoreGetValue,1,0,0,0,ipc,1
3,vacuum,2,0,0,0,vacuum,1
3,subrange,1,0,0,0,subrange,1
3,shortest,7,0,0,0,shortest,1
3,XLogWalRcvSendHSFeedback,3,0,0,0,feedback,1
3,getegid,1,0,0,0,getegid,2
3,smgrsync,1,0,0,0,rsync,1
3,lseg_dt,5,0,0,0,dt,1
3,mcv_selectivity,2,0,0,0,selectivity,1
3,hemdistsign,5,0,0,0,he,1
3,QTNEq,3,0,0,0,qt,2
3,QTNTernary,5,0,0,0,q,4
3,adjacent_inner_consistent,2,0,0,0,adjacent,2
3,useful_strerror,1,0,0,0,useful,1
3,LogicalTapeBackspace,5,0,0,0,logical,2
3,writefile,3,0,0,0,writefile,1
3,mktime,2,0,0,0,mktime,1
3,guessConstraintInheritance,1,0,0,0,guess,3
3,emitShSecLabels,2,0,0,0,labels,3
3,_allocAH,2,0,0,0,alloca,2
3,identify_locking_dependencies,1,0,0,0,identify,1
3,SetVariable,27,3,12,0,setvariable,1
3,MainLoop,2,0,0,0,mainloop,1
3,asctime,1,0,0,0,asctime,1
3,advice,1,0,0,0,advice,1
4,gimp_palettes_popup,1,0,0,0,popup,1
4,gimp_patterns_popup,1,0,0,0,patterns,3
4,gimp_drawable_height,63,0,0,0,height,3
4,gimp_drawable_bpp,51,0,0,0,bpp,1
4,gimp_tile_height,96,2,4,0,tile,1
4,gimp_rgb_luminance_uchar,12,0,0,0,rgb,1
4,gimp_pixel_fetcher_provide_tile,2,0,0,0,pixel,1
4,gimp_rgn_render_region,1,0,0,0,region,1
4,gimp_quit,41,0,0,0,quit,1
4,gimp_rectangle_intersect,29,2,7,0,rectangle,1
4,cairo_scale,17,0,0,0,scale,3
4,gimp_zoom_model_zoom,12,0,0,0,model,1
4,behind_indexed_pixels,1,0,0,0,behind,1
4,anti_erase_indexed_pixels,1,0,0,0,anti,1
4,cubic_spline_fit,30,0,0,0,fit,1
4,sample_adapt,3,0,0,0,sample,2
4,finite,10,2,7,0,finite,1
4,gimp_templates_migrate,1,0,0,0,templates,2
4,gimp_rc_migrate,1,0,0,0,rc,4
4,hypot,13,0,0,0,hypot,1
4,gimp_coords_mix,41,0,0,0,coords,1
4,gimp_curve_calculate,1,0,0,0,curve,1
4,shapeburst_region,1,0,0,0,shape,1
4,gimp_drawable_curves,2,0,0,0,curves,1
4,gimp_drawable_render_vectors,2,0,0,0,vectors,1
4,gimp_projection_invalidate,1,0,0,0,projection,1
4,gimp_drawable_project_region,1,0,0,0,project,1
4,gimp_airbrush_motion,1,0,0,0,motion,1
4,ink_pen_ellipse,2,0,0,0,pen,1
4,unquote,2,0,0,0,unquote,1
4,gimp_drawable_brightness_contrast,1,0,0,0,contrast,1
4,gimp_drawable_levels,1,0,0,0,levels,3
4,gimp_drawable_posterize,1,0,0,0,ize,2
4,gimp_drawable_invert,2,0,0,0,invert,2
4,gimp_drawable_threshold,1,0,0,0,threshold,2
4,gimp_stroke_flip,1,0,0,0,flip,1
4,cairo_arc_negative,4,0,0,0,arc,3
4,gimp_dialog_factory_constructor,3,2,6,0,dialog,1
4,gimp_ui_manager_ui_popup,8,0,0,0,ui,1
4,cairo_stroke_preserve,22,0,0,0,preserve,3
4,pango_font_metrics_unref,2,0,0,0,metrics,2
4,gimp_displays_dirty,3,1,3,0,dirty,2
4,gimp_suggest_modifiers,31,0,0,0,modifiers,2
4,mouse_over_vertex,2,0,0,0,mouse,1
4,mix_colors,2,0,0,0,mix,1
4,resolution_calibrate_dialog,1,0,0,0,resolution,2
4,_cons,76,0,0,0,cons,3
4,rcm_render_circle,3,0,0,0,circle,3
4,det_matrix,2,0,0,0,det,1
4,dist,7,0,0,0,dist,3
4,prime_factors_lookahead,2,0,0,0,prime,2
4,ppm_pad,4,0,0,0,pad,2
4,gm_preview_draw,1,0,0,0,gm,2
4,recompute_center,3,0,0,0,recompute,1
4,near_sash,13,0,0,0,near,1
4,snap_toggled_cb,1,0,0,0,snap,1
4,polygon_near_sash,1,0,0,0,polygon,2
4,V3_Norm,2,0,0,0,v3,1
4,matmul,6,0,0,0,mat,2
4,plane_intersect,1,0,0,0,plane,1
4,sphere_intersect,1,0,0,0,sphere,1
4,prim_tileable,1,0,0,0,prim,2
4,button_press,1,0,0,0,button,1
4,extrapolate9,1,0,0,0,9,1
4,gauss_rle,3,0,0,0,rle,1
4,exchange_dialog,1,0,0,0,exchange,2
4,redraw_channels,1,0,0,0,channels,1
4,minmax,1,0,0,0,minmax,1
4,engrave_small,1,0,0,0,small,2
4,dicom_loader,1,0,0,0,loader,2
4,toggle_endian2,1,0,0,0,toggle,1
4,swab_rect,4,0,0,0,rect,2
4,ungetc,6,0,0,0,ungetc,4
4,getval,1,0,0,0,getval,1
4,fp_dialog,1,0,0,0,fp,4
4,cpu_accel,1,0,0,0,cpu,2
4,arch_accel_intel,4,0,0,0,arch,2
4,grid_localize,1,0,0,0,localize,1
4,render_poly,1,0,0,0,poly,3
4,solid_noise_dialog,1,0,0,0,noise,1
4,plain_noise,2,0,0,0,plain,4
4,displace_amount,2,0,0,0,amount,1
4,ripple_horizontal,1,0,0,0,horizontal,2
4,smp_dialog,1,0,0,0,smp,1
4,provide_tile,1,0,0,0,provide,1
4,softglow_dialog,1,0,0,0,soft,1
4,vvdiv,1,0,0,0,vv,1
4,relabel,2,0,0,0,relabel,1
4,video_dialog,1,0,0,0,video,1
4,warp_dialog,1,0,0,0,warp,1
4,creat,1,0,0,0,creat,1
4,wave,2,0,0,0,wave,1
4,gimp_hsv_clamp,1,0,0,0,clamp,1
4,render_effect,3,1,2,0,effect,1
4,gimp_eevl_expect,2,0,0,0,expect,4
4,gimp_eevl_factor,1,0,0,0,factor,2
5,except_rethrow,99,0,0,0,rethrow,1
5,except_throw,1069,0,0,0,throw,2
5,pdu_burst_decoder,1,0,0,0,burst,1
5,CQICH_Enhanced_Allocation_IE,1,0,0,0,allocation,2
5,MIMO_UL_Enhanced_IE,1,0,0,0,ie,1
5,Mini_Subchannel_allocation_IE,1,0,0,0,mini,1
5,sbc_tlv_decoder,2,0,0,0,decoder,2
5,weight12,4,0,0,0,weight,3
5,AES_unwrap,1,0,0,0,aes,2
5,AirPDcapWepMng,1,0,0,0,pd,1
5,alg_register,1,0,0,0,alg,1
5,lua_settable,107,0,0,0,settable,1
5,luaL_unref,18,0,0,0,unref,1
5,cross_plat_fname,2,0,0,0,cross,2
5,lua_concat,1,0,0,0,concat,3
5,cops_gate_specs,1,0,0,0,gate,1
5,cops_packetcable_reason,1,0,0,0,reason,1
5,cops_ipv6_classifier,1,0,0,0,ipv6,2
5,cnf_dissect_hyper,40,0,0,0,cnf,1
5,crc_drm,2,0,0,0,crc,1
5,rfc1867_angle,2,0,0,0,angle,1
5,capture_bpq,1,0,0,0,bp,1
5,Media_Specifier_dissect,1,0,0,0,specifier,1
5,rpc_roundup,12,0,0,0,roundup,1
5,capture_wlancap,1,0,0,0,cap,2
5,weak_iv,1,0,0,0,weak,2
5,ccm_cbc_mac,1,0,0,0,cbc,2
5,ppp_heuristic_guess,3,0,0,0,heuristic,1
5,TrackReportedULHARQResend,1,0,0,0,track,2
5,incr_dissector,1,0,0,0,incr,2
5,mpls_pm_dissect_counter,2,0,0,0,pm,4
5,stock,5,0,0,0,stock,1
5,executed,2,0,0,0,executed,1
5,alert_notification,1,0,0,0,alert,2
5,ss_interpretation,1,0,0,0,ss,1
5,xmpp_unknown,58,0,0,0,unknown,4
5,xmpp_feature_neg,1,0,0,0,feature,1
5,xmpp_proceed,1,0,0,0,proceed,1
5,zebra_route_nexthop,2,0,0,0,route,1
5,drsuapi_dissect_GUID,33,0,0,0,dr,2
5,mpa_frequency,6,0,0,0,frequency,1
5,mpa_padding,2,0,0,0,padding,1
5,ErrorMsg,40,0,0,0,errormsg,1
5,ResortStates,1,0,0,0,states,1
5,erf_populate_interfaces,2,0,0,0,populate,3
5,collate,2,0,0,0,collate,3
5,crc16_reflected,3,0,0,0,reflected,1
0,x2c,1,0,0,-1,,0